solid __tracked_surface.stl
facet normal 0 0 0
outer loop
vertex 1.796719e+01 8.817070e+00 1.767308e+01
vertex 1.703605e+01 9.497918e+00 1.797770e+01
vertex 1.637316e+01 8.172657e+00 1.863614e+01
endloop
endfacet
facet normal 0 0 0
outer loop
vertex 1.468006e+01 3.399764e+00 1.088113e+01
vertex 1.350282e+01 4.373106e+00 1.165216e+01
vertex 1.581066e+01 5.170920e+00 1.052245e+01
endloop
endfacet
facet normal 0 0 0
outer loop
vertex 1.905025e+01 -9.778723e+00 1.691504e+01
vertex 1.823136e+01 -1.043239e+01 1.721334e+01
vertex 1.956929e+01 -1.103957e+01 1.611588e+01
endloop
endfacet
facet normal 0 0 0
outer loop
vertex 9.267129e+00 -8.930525e+00 2.054493e+01
vertex 9.382337e+00 -7.178504e+00 2.069411e+01
vertex 8.415207e+00 -1.022786e+01 2.048462e+01
endloop
endfacet
facet normal 0 0 0
outer loop
vertex 1.660767e+01 -1.558360e+01 1.594802e+01
vertex 1.616739e+01 -1.441384e+01 1.681053e+01
vertex 1.548090e+01 -1.621544e+01 1.625773e+01
endloop
endfacet
facet normal 0 0 0
outer loop
vertex 2.327448e+01 1.042045e+01 1.269374e+01
vertex 2.311339e+01 9.485311e+00 1.334337e+01
vertex 2.445428e+01 9.045828e+00 1.192087e+01
endloop
endfacet
facet normal 0 0 0
outer loop
vertex 9.887664e+00 -1.664771e+01 1.779874e+01
vertex 1.159731e+01 -1.761192e+01 1.730135e+01
vertex 1.032985e+01 -1.734361e+01 1.788877e+01
endloop
endfacet
facet normal 0 0 0
outer loop
vertex 2.098041e+01 1.357225e+01 1.330691e+01
vertex 2.164794e+01 1.385531e+01 1.239624e+01
vertex 2.046789e+01 1.488779e+01 1.290113e+01
endloop
endfacet
facet normal 0 0 0
outer loop
vertex 2.538613e+01 2.215102e-01 1.295672e+01
vertex 2.585990e+01 -4.673905e-01 1.234453e+01
vertex 2.626942e+01 6.102490e-01 1.174231e+01
endloop
endfacet
facet normal 0 0 0
outer loop
vertex 1.473355e+01 9.022539e+00 1.911077e+01
vertex 1.637316e+01 8.172657e+00 1.863614e+01
vertex 1.571947e+01 9.699620e+00 1.854445e+01
endloop
endfacet
facet normal 0 0 0
outer loop
vertex 2.455737e+01 -2.080219e+00 6.452168e+00
vertex 2.460607e+01 4.214195e-01 6.364843e+00
vertex 2.588382e+01 -1.048268e+00 5.994498e+00
endloop
endfacet
facet normal 0 0 0
outer loop
vertex 2.606597e+01 2.099286e+00 1.190346e+01
vertex 2.642926e+01 3.295134e+00 1.115526e+01
vertex 2.554499e+01 3.438199e+00 1.240719e+01
endloop
endfacet
facet normal 0 0 0
outer loop
vertex 2.326995e+01 -9.752593e+00 1.332281e+01
vertex 2.279507e+01 -9.183855e+00 1.406958e+01
vertex 2.237000e+01 -1.051064e+01 1.393995e+01
endloop
endfacet
facet normal 0 0 0
outer loop
vertex 2.177580e+01 9.568462e+00 1.465925e+01
vertex 2.264813e+01 8.659928e+00 1.418450e+01
vertex 2.241771e+01 1.018480e+01 1.376215e+01
endloop
endfacet
facet normal 0 0 0
outer loop
vertex 1.108943e+01 1.236966e+01 1.937964e+01
vertex 1.140396e+01 1.101377e+01 1.966384e+01
vertex 1.259218e+01 1.215479e+01 1.900405e+01
endloop
endfacet
facet normal 0 0 0
outer loop
vertex 2.079039e+01 6.720943e+00 1.639802e+01
vertex 2.210789e+01 7.144516e+00 1.521296e+01
vertex 2.115051e+01 7.815372e+00 1.582197e+01
endloop
endfacet
facet normal 0 0 0
outer loop
vertex 2.321020e+01 1.295435e+01 1.111872e+01
vertex 2.457187e+01 1.125206e+01 1.040257e+01
vertex 2.422458e+01 1.250040e+01 9.973791e+00
endloop
endfacet
facet normal 0 0 0
outer loop
vertex 2.227028e+01 1.406554e+00 7.211314e+00
vertex 2.070509e+01 2.833224e+00 7.929899e+00
vertex 2.252919e+01 3.478941e+00 7.284070e+00
endloop
endfacet
facet normal 0 0 0
outer loop
vertex 1.926297e+01 1.178843e+01 1.576816e+01
vertex 2.028517e+01 1.166421e+01 1.502512e+01
vertex 1.922276e+01 1.327492e+01 1.505521e+01
endloop
endfacet
facet normal 0 0 0
outer loop
vertex 5.641793e+00 -9.109813e+00 1.761160e+01
vertex 4.566051e+00 -7.640154e+00 1.800395e+01
vertex 6.382442e+00 -6.879152e+00 1.655532e+01
endloop
endfacet
facet normal 0 0 0
outer loop
vertex 2.025082e+01 -1.133992e+00 1.758274e+01
vertex 1.887948e+01 -1.975760e+00 1.835186e+01
vertex 2.022914e+01 -2.743844e+00 1.751089e+01
endloop
endfacet
facet normal 0 0 0
outer loop
vertex 1.689490e+01 -1.116824e+01 1.772165e+01
vertex 1.553228e+01 -1.048470e+01 1.857551e+01
vertex 1.500073e+01 -1.149707e+01 1.850833e+01
endloop
endfacet
facet normal 0 0 0
outer loop
vertex 2.119902e+01 9.106906e+00 1.534717e+01
vertex 2.177580e+01 9.568462e+00 1.465925e+01
vertex 2.030981e+01 1.047435e+01 1.553824e+01
endloop
endfacet
facet normal 0 0 0
outer loop
vertex 1.798928e+01 -5.161216e+00 1.852620e+01
vertex 1.899816e+01 -5.450331e+00 1.794539e+01
vertex 1.923166e+01 -3.568405e+00 1.804620e+01
endloop
endfacet
facet normal 0 0 0
outer loop
vertex 2.619042e+01 -7.693458e+00 1.026932e+01
vertex 2.588746e+01 -9.510244e+00 9.801950e+00
vertex 2.660908e+01 -8.208765e+00 9.238929e+00
endloop
endfacet
facet normal 0 0 0
outer loop
vertex 2.015867e+01 9.309223e+00 1.609742e+01
vertex 2.030981e+01 1.047435e+01 1.553824e+01
vertex 1.931156e+01 1.036743e+01 1.632349e+01
endloop
endfacet
facet normal 0 0 0
outer loop
vertex 2.916958e+01 1.879586e+00 5.229785e+00
vertex 2.904336e+01 2.941675e+00 5.344475e+00
vertex 2.872397e+01 2.138778e+00 6.628442e+00
endloop
endfacet
facet normal 0 0 0
outer loop
vertex 2.119902e+01 9.106906e+00 1.534717e+01
vertex 2.030981e+01 1.047435e+01 1.553824e+01
vertex 2.015867e+01 9.309223e+00 1.609742e+01
endloop
endfacet
facet normal 0 0 0
outer loop
vertex 2.316279e+01 -5.905303e-02 1.535254e+01
vertex 2.333969e+01 1.254375e+00 1.514089e+01
vertex 2.196622e+01 8.431149e-01 1.634920e+01
endloop
endfacet
facet normal 0 0 0
outer loop
vertex 2.765088e+01 7.945508e+00 6.614623e+00
vertex 2.605610e+01 7.418220e+00 6.888001e+00
vertex 2.524635e+01 9.173605e+00 7.625797e+00
endloop
endfacet
facet normal 0 0 0
outer loop
vertex 2.667814e+01 1.748744e+00 1.101821e+01
vertex 2.606597e+01 2.099286e+00 1.190346e+01
vertex 2.626942e+01 6.102490e-01 1.174231e+01
endloop
endfacet
facet normal 0 0 0
outer loop
vertex 2.883863e+01 7.146270e-01 6.534423e+00
vertex 2.881822e+01 -5.063602e-01 6.643975e+00
vertex 2.926345e+01 3.100366e-01 5.155576e+00
endloop
endfacet
facet normal 0 0 0
outer loop
vertex 1.922276e+01 1.327492e+01 1.505521e+01
vertex 2.028517e+01 1.166421e+01 1.502512e+01
vertex 2.076840e+01 1.245950e+01 1.418736e+01
endloop
endfacet
facet normal 0 0 0
outer loop
vertex 2.668770e+01 -2.999654e-01 1.112856e+01
vertex 2.721172e+01 -9.146897e-01 1.024098e+01
vertex 2.731975e+01 8.259919e-01 1.001455e+01
endloop
endfacet
facet normal 0 0 0
outer loop
vertex 2.300752e+01 7.204805e+00 1.434540e+01
vertex 2.239463e+01 5.720852e+00 1.533700e+01
vertex 2.349817e+01 5.551114e+00 1.432453e+01
endloop
endfacet
facet normal 0 0 0
outer loop
vertex 2.790296e+01 5.085453e+00 7.747901e+00
vertex 2.776370e+01 6.565297e+00 7.274705e+00
vertex 2.720008e+01 6.418627e+00 8.688205e+00
endloop
endfacet
facet normal 0 0 0
outer loop
vertex 1.902296e+01 -5.124488e-01 8.529003e+00
vertex 2.021115e+01 1.094074e+00 8.025047e+00
vertex 2.087874e+01 -2.249808e-01 7.722703e+00
endloop
endfacet
facet normal 0 0 0
outer loop
vertex 2.668770e+01 -2.999654e-01 1.112856e+01
vertex 2.635932e+01 -1.461456e+00 1.159550e+01
vertex 2.721172e+01 -9.146897e-01 1.024098e+01
endloop
endfacet
facet normal 0 0 0
outer loop
vertex 2.708737e+01 -5.236215e+00 9.669372e+00
vertex 2.714325e+01 -3.519089e+00 1.003900e+01
vertex 2.662679e+01 -4.933496e+00 1.057841e+01
endloop
endfacet
facet normal 0 0 0
outer loop
vertex 2.713349e+01 -6.533808e+00 9.061975e+00
vertex 2.708737e+01 -5.236215e+00 9.669372e+00
vertex 2.632116e+01 -6.251618e+00 1.065574e+01
endloop
endfacet
facet normal 0 0 0
outer loop
vertex 2.632116e+01 -6.251618e+00 1.065574e+01
vertex 2.708737e+01 -5.236215e+00 9.669372e+00
vertex 2.662679e+01 -4.933496e+00 1.057841e+01
endloop
endfacet
facet normal 0 0 0
outer loop
vertex 2.639219e+01 -9.732064e+00 8.694738e+00
vertex 2.701283e+01 -8.747542e+00 8.043751e+00
vertex 2.660908e+01 -8.208765e+00 9.238929e+00
endloop
endfacet
facet normal 0 0 0
outer loop
vertex 2.299642e+01 4.008643e+00 1.514068e+01
vertex 2.308503e+01 2.595279e+00 1.526025e+01
vertex 2.386366e+01 3.494583e+00 1.437324e+01
endloop
endfacet
facet normal 0 0 0
outer loop
vertex 2.230033e+01 -1.476185e+00 1.607941e+01
vertex 2.294673e+01 -1.248665e+00 1.553319e+01
vertex 2.196622e+01 8.431149e-01 1.634920e+01
endloop
endfacet
facet normal 0 0 0
outer loop
vertex 1.605744e+01 5.487381e+00 1.925598e+01
vertex 1.644974e+01 3.521871e+00 1.932391e+01
vertex 1.713878e+01 5.046319e+00 1.886175e+01
endloop
endfacet
facet normal 0 0 0
outer loop
vertex 9.038518e+00 -1.693986e+01 1.845568e+01
vertex 9.206606e+00 -1.384272e+01 1.689708e+01
vertex 9.887664e+00 -1.664771e+01 1.779874e+01
endloop
endfacet
facet normal 0 0 0
outer loop
vertex 2.196622e+01 8.431149e-01 1.634920e+01
vertex 2.294673e+01 -1.248665e+00 1.553319e+01
vertex 2.316279e+01 -5.905303e-02 1.535254e+01
endloop
endfacet
facet normal 0 0 0
outer loop
vertex 9.206606e+00 -1.384272e+01 1.689708e+01
vertex 6.710572e+00 -1.294316e+01 1.815069e+01
vertex 8.544106e+00 -1.191344e+01 1.655203e+01
endloop
endfacet
facet normal 0 0 0
outer loop
vertex 1.216165e+01 -1.590171e+01 1.794501e+01
vertex 1.343119e+01 -1.576584e+01 1.750377e+01
vertex 1.332185e+01 -1.463385e+01 1.806126e+01
endloop
endfacet
facet normal 0 0 0
outer loop
vertex 1.164938e+01 -1.110697e+01 1.434707e+01
vertex 1.221109e+01 -1.351725e+01 1.495799e+01
vertex 1.023312e+01 -1.252149e+01 1.572142e+01
endloop
endfacet
facet normal 0 0 0
outer loop
vertex 9.206606e+00 -1.384272e+01 1.689708e+01
vertex 1.105583e+01 -1.523752e+01 1.639458e+01
vertex 9.887664e+00 -1.664771e+01 1.779874e+01
endloop
endfacet
facet normal 0 0 0
outer loop
vertex 1.105583e+01 -1.523752e+01 1.639458e+01
vertex 1.393507e+01 -1.492966e+01 1.464471e+01
vertex 1.401319e+01 -1.629909e+01 1.528797e+01
endloop
endfacet
facet normal 0 0 0
outer loop
vertex 2.484078e+01 -8.850559e+00 7.644167e+00
vertex 2.421765e+01 -7.615466e+00 7.484766e+00
vertex 2.617709e+01 -6.805508e+00 6.702542e+00
endloop
endfacet
facet normal 0 0 0
outer loop
vertex 1.656290e+01 1.538721e+01 1.573345e+01
vertex 1.786378e+01 1.435809e+01 1.546277e+01
vertex 1.690305e+01 1.612338e+01 1.504876e+01
endloop
endfacet
facet normal 0 0 0
outer loop
vertex 1.422913e+01 1.190527e+01 1.319511e+01
vertex 1.246197e+01 1.358123e+01 1.484486e+01
vertex 1.384682e+01 1.394692e+01 1.424262e+01
endloop
endfacet
facet normal 0 0 0
outer loop
vertex 2.098041e+01 1.357225e+01 1.330691e+01
vertex 1.977304e+01 1.393838e+01 1.421069e+01
vertex 2.076840e+01 1.245950e+01 1.418736e+01
endloop
endfacet
facet normal 0 0 0
outer loop
vertex 1.931156e+01 1.036743e+01 1.632349e+01
vertex 1.918888e+01 9.267280e+00 1.679126e+01
vertex 2.015867e+01 9.309223e+00 1.609742e+01
endloop
endfacet
facet normal 0 0 0
outer loop
vertex 2.118600e+01 4.745710e+00 7.975320e+00
vertex 2.252919e+01 3.478941e+00 7.284070e+00
vertex 2.070509e+01 2.833224e+00 7.929899e+00
endloop
endfacet
facet normal 0 0 0
outer loop
vertex 2.194446e+01 1.242409e+01 1.303582e+01
vertex 2.327448e+01 1.042045e+01 1.269374e+01
vertex 2.262348e+01 1.264656e+01 1.210951e+01
endloop
endfacet
facet normal 0 0 0
outer loop
vertex 2.308503e+01 2.595279e+00 1.526025e+01
vertex 2.333969e+01 1.254375e+00 1.514089e+01
vertex 2.453508e+01 1.527711e+00 1.389518e+01
endloop
endfacet
facet normal 0 0 0
outer loop
vertex 9.639481e+00 -1.686783e+00 1.371846e+01
vertex 8.134262e+00 -3.144606e-02 1.465909e+01
vertex 1.068391e+01 -6.448438e-02 1.301941e+01
endloop
endfacet
facet normal 0 0 0
outer loop
vertex 9.180089e+00 1.529226e+01 1.756326e+01
vertex 9.009128e+00 1.379077e+01 1.699629e+01
vertex 7.454763e+00 1.420251e+01 1.817695e+01
endloop
endfacet
facet normal 0 0 0
outer loop
vertex 1.571947e+01 9.699620e+00 1.854445e+01
vertex 1.703605e+01 9.497918e+00 1.797770e+01
vertex 1.686412e+01 1.106756e+01 1.756564e+01
endloop
endfacet
facet normal 0 0 0
outer loop
vertex 4.566051e+00 -7.640154e+00 1.800395e+01
vertex 3.652540e+00 -5.295848e+00 1.822558e+01
vertex 5.390332e+00 -4.953066e+00 1.691509e+01
endloop
endfacet
facet normal 0 0 0
outer loop
vertex 1.472757e+01 -1.392202e+01 1.775649e+01
vertex 1.459899e+01 -1.271239e+01 1.827829e+01
vertex 1.352085e+01 -1.346396e+01 1.844148e+01
endloop
endfacet
facet normal 0 0 0
outer loop
vertex 2.661646e+01 9.982873e+00 7.512738e+00
vertex 2.765088e+01 7.945508e+00 6.614623e+00
vertex 2.524635e+01 9.173605e+00 7.625797e+00
endloop
endfacet
facet normal 0 0 0
outer loop
vertex 7.454763e+00 1.420251e+01 1.817695e+01
vertex 7.294912e+00 1.588508e+01 1.903453e+01
vertex 8.431446e+00 1.641063e+01 1.856478e+01
endloop
endfacet
facet normal 0 0 0
outer loop
vertex 1.977304e+01 1.393838e+01 1.421069e+01
vertex 1.922276e+01 1.327492e+01 1.505521e+01
vertex 2.076840e+01 1.245950e+01 1.418736e+01
endloop
endfacet
facet normal 0 0 0
outer loop
vertex 1.743957e+01 7.497344e+00 1.828132e+01
vertex 1.796719e+01 8.817070e+00 1.767308e+01
vertex 1.637316e+01 8.172657e+00 1.863614e+01
endloop
endfacet
facet normal 0 0 0
outer loop
vertex 1.697524e+01 6.599742e+00 1.868642e+01
vertex 1.713878e+01 5.046319e+00 1.886175e+01
vertex 1.827944e+01 6.046791e+00 1.813967e+01
endloop
endfacet
facet normal 0 0 0
outer loop
vertex 2.333969e+01 1.254375e+00 1.514089e+01
vertex 2.236040e+01 2.298635e+00 1.592925e+01
vertex 2.196622e+01 8.431149e-01 1.634920e+01
endloop
endfacet
facet normal 0 0 0
outer loop
vertex 2.300752e+01 7.204805e+00 1.434540e+01
vertex 2.210789e+01 7.144516e+00 1.521296e+01
vertex 2.239463e+01 5.720852e+00 1.533700e+01
endloop
endfacet
facet normal 0 0 0
outer loop
vertex 2.465928e+01 3.897907e+00 1.342547e+01
vertex 2.386366e+01 3.494583e+00 1.437324e+01
vertex 2.453508e+01 1.527711e+00 1.389518e+01
endloop
endfacet
facet normal 0 0 0
outer loop
vertex 2.455737e+01 -2.080219e+00 6.452168e+00
vertex 2.273961e+01 -2.153560e+00 7.080017e+00
vertex 2.343082e+01 -6.880064e-01 6.738183e+00
endloop
endfacet
facet normal 0 0 0
outer loop
vertex 2.386366e+01 3.494583e+00 1.437324e+01
vertex 2.308503e+01 2.595279e+00 1.526025e+01
vertex 2.453508e+01 1.527711e+00 1.389518e+01
endloop
endfacet
facet normal 0 0 0
outer loop
vertex 1.556238e+01 1.236549e+01 1.774515e+01
vertex 1.407072e+01 1.362733e+01 1.792025e+01
vertex 1.342029e+01 1.285844e+01 1.847786e+01
endloop
endfacet
facet normal 0 0 0
outer loop
vertex 2.642926e+01 3.295134e+00 1.115526e+01
vertex 2.606597e+01 2.099286e+00 1.190346e+01
vertex 2.667814e+01 1.748744e+00 1.101821e+01
endloop
endfacet
facet normal 0 0 0
outer loop
vertex 1.857167e+01 2.466960e+00 1.844680e+01
vertex 1.832140e+01 4.328090e+00 1.838610e+01
vertex 1.770568e+01 3.332368e+00 1.880161e+01
endloop
endfacet
facet normal 0 0 0
outer loop
vertex 2.215639e+01 3.836981e+00 1.590880e+01
vertex 2.308503e+01 2.595279e+00 1.526025e+01
vertex 2.299642e+01 4.008643e+00 1.514068e+01
endloop
endfacet
facet normal 0 0 0
outer loop
vertex 2.036234e+01 4.559005e+00 1.713782e+01
vertex 1.917356e+01 4.959096e+00 1.782668e+01
vertex 1.948479e+01 3.298359e+00 1.786233e+01
endloop
endfacet
facet normal 0 0 0
outer loop
vertex 2.071217e+01 3.480415e+00 1.705332e+01
vertex 2.036234e+01 4.559005e+00 1.713782e+01
vertex 1.948479e+01 3.298359e+00 1.786233e+01
endloop
endfacet
facet normal 0 0 0
outer loop
vertex 1.827944e+01 6.046791e+00 1.813967e+01
vertex 1.743957e+01 7.497344e+00 1.828132e+01
vertex 1.697524e+01 6.599742e+00 1.868642e+01
endloop
endfacet
facet normal 0 0 0
outer loop
vertex 1.713878e+01 5.046319e+00 1.886175e+01
vertex 1.832140e+01 4.328090e+00 1.838610e+01
vertex 1.827944e+01 6.046791e+00 1.813967e+01
endloop
endfacet
facet normal 0 0 0
outer loop
vertex 2.030981e+01 1.047435e+01 1.553824e+01
vertex 1.926297e+01 1.178843e+01 1.576816e+01
vertex 1.931156e+01 1.036743e+01 1.632349e+01
endloop
endfacet
facet normal 0 0 0
outer loop
vertex 2.236040e+01 2.298635e+00 1.592925e+01
vertex 2.308503e+01 2.595279e+00 1.526025e+01
vertex 2.215639e+01 3.836981e+00 1.590880e+01
endloop
endfacet
facet normal 0 0 0
outer loop
vertex 1.329526e+01 -1.873083e+00 2.039202e+01
vertex 1.490109e+01 -3.417069e-01 2.001199e+01
vertex 1.387717e+01 -3.472383e-01 2.028166e+01
endloop
endfacet
facet normal 0 0 0
outer loop
vertex 1.490109e+01 -3.417069e-01 2.001199e+01
vertex 1.329526e+01 -1.873083e+00 2.039202e+01
vertex 1.433310e+01 -2.035352e+00 2.014232e+01
endloop
endfacet
facet normal 0 0 0
outer loop
vertex 1.832140e+01 4.328090e+00 1.838610e+01
vertex 1.857167e+01 2.466960e+00 1.844680e+01
vertex 1.948479e+01 3.298359e+00 1.786233e+01
endloop
endfacet
facet normal 0 0 0
outer loop
vertex 7.294912e+00 1.588508e+01 1.903453e+01
vertex 8.491728e+00 1.527150e+01 1.902487e+01
vertex 8.431446e+00 1.641063e+01 1.856478e+01
endloop
endfacet
facet normal 0 0 0
outer loop
vertex 1.743957e+01 7.497344e+00 1.828132e+01
vertex 1.637316e+01 8.172657e+00 1.863614e+01
vertex 1.697524e+01 6.599742e+00 1.868642e+01
endloop
endfacet
facet normal 0 0 0
outer loop
vertex 1.697524e+01 6.599742e+00 1.868642e+01
vertex 1.537014e+01 7.339877e+00 1.922079e+01
vertex 1.605744e+01 5.487381e+00 1.925598e+01
endloop
endfacet
facet normal 0 0 0
outer loop
vertex 1.686412e+01 1.106756e+01 1.756564e+01
vertex 1.703605e+01 9.497918e+00 1.797770e+01
vertex 1.816770e+01 9.785580e+00 1.726377e+01
endloop
endfacet
facet normal 0 0 0
outer loop
vertex 1.109234e+01 1.118536e+01 1.471223e+01
vertex 1.106268e+01 1.314567e+01 1.547065e+01
vertex 1.246197e+01 1.358123e+01 1.484486e+01
endloop
endfacet
facet normal 0 0 0
outer loop
vertex 1.732290e+01 -8.189811e+00 1.832115e+01
vertex 1.744743e+01 -9.688687e+00 1.788269e+01
vertex 1.823072e+01 -8.797048e+00 1.769398e+01
endloop
endfacet
facet normal 0 0 0
outer loop
vertex 1.649724e+01 -2.094135e+00 1.943855e+01
vertex 1.756399e+01 -2.158940e+00 1.899183e+01
vertex 1.712473e+01 -2.197747e-01 1.922585e+01
endloop
endfacet
facet normal 0 0 0
outer loop
vertex 1.996025e+01 1.672432e+00 1.771367e+01
vertex 1.926054e+01 -9.784433e-02 1.818113e+01
vertex 2.052788e+01 8.647596e-01 1.738950e+01
endloop
endfacet
facet normal 0 0 0
outer loop
vertex 1.099811e+01 1.488882e+01 1.851661e+01
vertex 1.095158e+01 1.595591e+01 1.805682e+01
vertex 9.550406e+00 1.574699e+01 1.856954e+01
endloop
endfacet
facet normal 0 0 0
outer loop
vertex 2.421682e+01 6.093471e+00 1.339143e+01
vertex 2.300752e+01 7.204805e+00 1.434540e+01
vertex 2.349817e+01 5.551114e+00 1.432453e+01
endloop
endfacet
facet normal 0 0 0
outer loop
vertex 1.565082e+01 -1.027406e+00 1.977225e+01
vertex 1.649724e+01 -2.094135e+00 1.943855e+01
vertex 1.712473e+01 -2.197747e-01 1.922585e+01
endloop
endfacet
facet normal 0 0 0
outer loop
vertex 2.308503e+01 2.595279e+00 1.526025e+01
vertex 2.236040e+01 2.298635e+00 1.592925e+01
vertex 2.333969e+01 1.254375e+00 1.514089e+01
endloop
endfacet
facet normal 0 0 0
outer loop
vertex 2.177580e+01 9.568462e+00 1.465925e+01
vertex 2.121747e+01 1.063963e+01 1.470014e+01
vertex 2.030981e+01 1.047435e+01 1.553824e+01
endloop
endfacet
facet normal 0 0 0
outer loop
vertex 2.015932e+01 8.147757e+00 1.647257e+01
vertex 2.119902e+01 9.106906e+00 1.534717e+01
vertex 2.015867e+01 9.309223e+00 1.609742e+01
endloop
endfacet
facet normal 0 0 0
outer loop
vertex 2.030981e+01 1.047435e+01 1.553824e+01
vertex 2.121747e+01 1.063963e+01 1.470014e+01
vertex 2.028517e+01 1.166421e+01 1.502512e+01
endloop
endfacet
facet normal 0 0 0
outer loop
vertex 2.121747e+01 1.063963e+01 1.470014e+01
vertex 2.187783e+01 1.139514e+01 1.369740e+01
vertex 2.028517e+01 1.166421e+01 1.502512e+01
endloop
endfacet
facet normal 0 0 0
outer loop
vertex 1.902296e+01 -5.124488e-01 8.529003e+00
vertex 2.065349e+01 -1.859302e+00 7.874303e+00
vertex 1.840370e+01 -1.956620e+00 8.874563e+00
endloop
endfacet
facet normal 0 0 0
outer loop
vertex 2.210789e+01 7.144516e+00 1.521296e+01
vertex 2.177580e+01 9.568462e+00 1.465925e+01
vertex 2.119902e+01 9.106906e+00 1.534717e+01
endloop
endfacet
facet normal 0 0 0
outer loop
vertex 2.543251e+01 7.987713e+00 1.105197e+01
vertex 2.445428e+01 9.045828e+00 1.192087e+01
vertex 2.461528e+01 7.590384e+00 1.237581e+01
endloop
endfacet
facet normal 0 0 0
outer loop
vertex 2.720008e+01 6.418627e+00 8.688205e+00
vertex 2.776370e+01 6.565297e+00 7.274705e+00
vertex 2.725639e+01 7.721210e+00 7.772267e+00
endloop
endfacet
facet normal 0 0 0
outer loop
vertex 2.386366e+01 3.494583e+00 1.437324e+01
vertex 2.349817e+01 5.551114e+00 1.432453e+01
vertex 2.299642e+01 4.008643e+00 1.514068e+01
endloop
endfacet
facet normal 0 0 0
outer loop
vertex 2.714325e+01 -3.519089e+00 1.003900e+01
vertex 2.785703e+01 -3.831120e+00 8.535914e+00
vertex 2.758557e+01 -1.988938e+00 9.455895e+00
endloop
endfacet
facet normal 0 0 0
outer loop
vertex 2.465928e+01 3.897907e+00 1.342547e+01
vertex 2.349817e+01 5.551114e+00 1.432453e+01
vertex 2.386366e+01 3.494583e+00 1.437324e+01
endloop
endfacet
facet normal 0 0 0
outer loop
vertex 2.333969e+01 1.254375e+00 1.514089e+01
vertex 2.316279e+01 -5.905303e-02 1.535254e+01
vertex 2.400594e+01 -1.016030e-01 1.453306e+01
endloop
endfacet
facet normal 0 0 0
outer loop
vertex 2.767112e+01 2.356311e+00 9.134486e+00
vertex 2.788240e+01 8.546090e-01 8.907482e+00
vertex 2.817396e+01 2.043241e+00 8.094906e+00
endloop
endfacet
facet normal 0 0 0
outer loop
vertex 2.731975e+01 8.259919e-01 1.001455e+01
vertex 2.779461e+01 -3.963730e-01 9.146800e+00
vertex 2.788240e+01 8.546090e-01 8.907482e+00
endloop
endfacet
facet normal 0 0 0
outer loop
vertex 2.812830e+01 -1.841678e+00 8.325937e+00
vertex 2.785703e+01 -3.831120e+00 8.535914e+00
vertex 2.838631e+01 -3.109886e+00 7.472258e+00
endloop
endfacet
facet normal 0 0 0
outer loop
vertex 2.642926e+01 3.295134e+00 1.115526e+01
vertex 2.584319e+01 4.910634e+00 1.163425e+01
vertex 2.554499e+01 3.438199e+00 1.240719e+01
endloop
endfacet
facet normal 0 0 0
outer loop
vertex 2.779461e+01 -3.963730e-01 9.146800e+00
vertex 2.821662e+01 -6.009141e-01 8.213021e+00
vertex 2.788240e+01 8.546090e-01 8.907482e+00
endloop
endfacet
facet normal 0 0 0
outer loop
vertex 2.716112e+01 2.400776e+00 1.010157e+01
vertex 2.642926e+01 3.295134e+00 1.115526e+01
vertex 2.667814e+01 1.748744e+00 1.101821e+01
endloop
endfacet
facet normal 0 0 0
outer loop
vertex 2.252919e+01 3.478941e+00 7.284070e+00
vertex 2.424689e+01 3.637462e+00 6.704157e+00
vertex 2.378929e+01 2.231422e+00 6.716690e+00
endloop
endfacet
facet normal 0 0 0
outer loop
vertex 2.311339e+01 9.485311e+00 1.334337e+01
vertex 2.264813e+01 8.659928e+00 1.418450e+01
vertex 2.382737e+01 7.841143e+00 1.323883e+01
endloop
endfacet
facet normal 0 0 0
outer loop
vertex 2.262348e+01 1.264656e+01 1.210951e+01
vertex 2.321020e+01 1.295435e+01 1.111872e+01
vertex 2.240147e+01 1.385725e+01 1.148206e+01
endloop
endfacet
facet normal 0 0 0
outer loop
vertex 8.375141e+00 5.707438e+00 1.498991e+01
vertex 1.036139e+01 5.829993e+00 1.374532e+01
vertex 1.022991e+01 3.359353e+00 1.347600e+01
endloop
endfacet
facet normal 0 0 0
outer loop
vertex 2.672903e+01 7.834335e+00 8.864048e+00
vertex 2.665742e+01 9.082712e+00 8.147655e+00
vertex 2.611897e+01 8.674763e+00 9.523069e+00
endloop
endfacet
facet normal 0 0 0
outer loop
vertex 1.747197e+01 9.305968e+00 1.066707e+01
vertex 1.580806e+01 1.035156e+01 1.182003e+01
vertex 1.630847e+01 1.112936e+01 1.184087e+01
endloop
endfacet
facet normal 0 0 0
outer loop
vertex 2.321020e+01 1.295435e+01 1.111872e+01
vertex 2.367954e+01 1.160333e+01 1.146075e+01
vertex 2.457187e+01 1.125206e+01 1.040257e+01
endloop
endfacet
facet normal 0 0 0
outer loop
vertex 2.422458e+01 1.250040e+01 9.973791e+00
vertex 2.320418e+01 1.406289e+01 1.020623e+01
vertex 2.321020e+01 1.295435e+01 1.111872e+01
endloop
endfacet
facet normal 0 0 0
outer loop
vertex 2.554499e+01 3.438199e+00 1.240719e+01
vertex 2.584319e+01 4.910634e+00 1.163425e+01
vertex 2.512462e+01 4.795737e+00 1.265200e+01
endloop
endfacet
facet normal 0 0 0
outer loop
vertex 1.099811e+01 1.488882e+01 1.851661e+01
vertex 9.550406e+00 1.574699e+01 1.856954e+01
vertex 1.008437e+01 1.407779e+01 1.909032e+01
endloop
endfacet
facet normal 0 0 0
outer loop
vertex 2.138191e+01 -4.533649e+00 7.866525e+00
vertex 2.295866e+01 -5.199971e+00 7.382827e+00
vertex 2.135126e+01 -6.071548e+00 8.151826e+00
endloop
endfacet
facet normal 0 0 0
outer loop
vertex 2.672903e+01 7.834335e+00 8.864048e+00
vertex 2.725639e+01 7.721210e+00 7.772267e+00
vertex 2.665742e+01 9.082712e+00 8.147655e+00
endloop
endfacet
facet normal 0 0 0
outer loop
vertex 2.368445e+01 9.570039e+00 8.238746e+00
vertex 2.524635e+01 9.173605e+00 7.625797e+00
vertex 2.439814e+01 7.900614e+00 7.503493e+00
endloop
endfacet
facet normal 0 0 0
outer loop
vertex 2.572028e+01 1.134783e+01 8.258574e+00
vertex 2.524635e+01 9.173605e+00 7.625797e+00
vertex 2.368445e+01 9.570039e+00 8.238746e+00
endloop
endfacet
facet normal 0 0 0
outer loop
vertex 2.661646e+01 9.982873e+00 7.512738e+00
vertex 2.524635e+01 9.173605e+00 7.625797e+00
vertex 2.572028e+01 1.134783e+01 8.258574e+00
endloop
endfacet
facet normal 0 0 0
outer loop
vertex 2.567932e+01 4.593456e+00 6.401032e+00
vertex 2.620354e+01 2.629894e+00 6.003398e+00
vertex 2.424689e+01 3.637462e+00 6.704157e+00
endloop
endfacet
facet normal 0 0 0
outer loop
vertex 2.378929e+01 2.231422e+00 6.716690e+00
vertex 2.227028e+01 1.406554e+00 7.211314e+00
vertex 2.252919e+01 3.478941e+00 7.284070e+00
endloop
endfacet
facet normal 0 0 0
outer loop
vertex 2.524635e+01 9.173605e+00 7.625797e+00
vertex 2.605610e+01 7.418220e+00 6.888001e+00
vertex 2.439814e+01 7.900614e+00 7.503493e+00
endloop
endfacet
facet normal 0 0 0
outer loop
vertex 2.904336e+01 2.941675e+00 5.344475e+00
vertex 2.725908e+01 3.555553e+00 5.830012e+00
vertex 2.872886e+01 4.602351e+00 5.635041e+00
endloop
endfacet
facet normal 0 0 0
outer loop
vertex 2.725908e+01 3.555553e+00 5.830012e+00
vertex 2.904336e+01 2.941675e+00 5.344475e+00
vertex 2.916958e+01 1.879586e+00 5.229785e+00
endloop
endfacet
facet normal 0 0 0
outer loop
vertex 2.752196e+01 1.294407e+00 5.572112e+00
vertex 2.725908e+01 3.555553e+00 5.830012e+00
vertex 2.916958e+01 1.879586e+00 5.229785e+00
endloop
endfacet
facet normal 0 0 0
outer loop
vertex 2.605610e+01 7.418220e+00 6.888001e+00
vertex 2.494586e+01 6.296794e+00 6.939668e+00
vertex 2.439814e+01 7.900614e+00 7.503493e+00
endloop
endfacet
facet normal 0 0 0
outer loop
vertex 2.767112e+01 2.356311e+00 9.134486e+00
vertex 2.817396e+01 2.043241e+00 8.094906e+00
vertex 2.812163e+01 3.623049e+00 7.794994e+00
endloop
endfacet
facet normal 0 0 0
outer loop
vertex 2.648923e+01 -2.956790e+00 1.123390e+01
vertex 2.714325e+01 -3.519089e+00 1.003900e+01
vertex 2.700792e+01 -2.241928e+00 1.048785e+01
endloop
endfacet
facet normal 0 0 0
outer loop
vertex 2.325148e+01 4.887737e+00 7.223228e+00
vertex 2.152277e+01 6.318764e+00 8.135612e+00
vertex 2.342047e+01 6.666001e+00 7.517109e+00
endloop
endfacet
facet normal 0 0 0
outer loop
vertex 2.441340e+01 -6.381259e+00 7.125044e+00
vertex 2.565607e+01 -5.185392e+00 6.509191e+00
vertex 2.617709e+01 -6.805508e+00 6.702542e+00
endloop
endfacet
facet normal 0 0 0
outer loop
vertex 2.118600e+01 4.745710e+00 7.975320e+00
vertex 1.961336e+01 5.826235e+00 8.827628e+00
vertex 2.152277e+01 6.318764e+00 8.135612e+00
endloop
endfacet
facet normal 0 0 0
outer loop
vertex 2.567932e+01 4.593456e+00 6.401032e+00
vertex 2.424689e+01 3.637462e+00 6.704157e+00
vertex 2.452131e+01 5.105525e+00 6.837801e+00
endloop
endfacet
facet normal 0 0 0
outer loop
vertex 1.770803e+01 -1.732791e+01 1.404612e+01
vertex 1.893893e+01 -1.617683e+01 1.384474e+01
vertex 1.743143e+01 -1.653272e+01 1.480475e+01
endloop
endfacet
facet normal 0 0 0
outer loop
vertex 2.180139e+01 9.932617e+00 9.023528e+00
vertex 2.368445e+01 9.570039e+00 8.238746e+00
vertex 2.207033e+01 8.196348e+00 8.387227e+00
endloop
endfacet
facet normal 0 0 0
outer loop
vertex 2.725908e+01 3.555553e+00 5.830012e+00
vertex 2.620354e+01 2.629894e+00 6.003398e+00
vertex 2.567932e+01 4.593456e+00 6.401032e+00
endloop
endfacet
facet normal 0 0 0
outer loop
vertex 2.342047e+01 6.666001e+00 7.517109e+00
vertex 2.152277e+01 6.318764e+00 8.135612e+00
vertex 2.207033e+01 8.196348e+00 8.387227e+00
endloop
endfacet
facet normal 0 0 0
outer loop
vertex 2.325148e+01 4.887737e+00 7.223228e+00
vertex 2.118600e+01 4.745710e+00 7.975320e+00
vertex 2.152277e+01 6.318764e+00 8.135612e+00
endloop
endfacet
facet normal 0 0 0
outer loop
vertex 2.566707e+01 1.532338e+00 6.077012e+00
vertex 2.378929e+01 2.231422e+00 6.716690e+00
vertex 2.620354e+01 2.629894e+00 6.003398e+00
endloop
endfacet
facet normal 0 0 0
outer loop
vertex 2.118600e+01 4.745710e+00 7.975320e+00
vertex 2.325148e+01 4.887737e+00 7.223228e+00
vertex 2.252919e+01 3.478941e+00 7.284070e+00
endloop
endfacet
facet normal 0 0 0
outer loop
vertex 2.325148e+01 4.887737e+00 7.223228e+00
vertex 2.424689e+01 3.637462e+00 6.704157e+00
vertex 2.252919e+01 3.478941e+00 7.284070e+00
endloop
endfacet
facet normal 0 0 0
outer loop
vertex 2.070509e+01 2.833224e+00 7.929899e+00
vertex 1.949489e+01 4.049155e+00 8.587094e+00
vertex 2.118600e+01 4.745710e+00 7.975320e+00
endloop
endfacet
facet normal 0 0 0
outer loop
vertex 1.350282e+01 4.373106e+00 1.165216e+01
vertex 1.222983e+01 5.626849e+00 1.258014e+01
vertex 1.581066e+01 5.170920e+00 1.052245e+01
endloop
endfacet
facet normal 0 0 0
outer loop
vertex 1.230350e+01 2.929710e+00 1.217724e+01
vertex 1.427813e+01 1.702160e+00 1.096241e+01
vertex 1.249665e+01 1.107093e+00 1.194631e+01
endloop
endfacet
facet normal 0 0 0
outer loop
vertex 2.633250e+01 6.998718e+00 1.006479e+01
vertex 2.646465e+01 4.895232e+00 1.067955e+01
vertex 2.721307e+01 5.235995e+00 9.199133e+00
endloop
endfacet
facet normal 0 0 0
outer loop
vertex 2.758557e+01 -1.988938e+00 9.455895e+00
vertex 2.785703e+01 -3.831120e+00 8.535914e+00
vertex 2.812830e+01 -1.841678e+00 8.325937e+00
endloop
endfacet
facet normal 0 0 0
outer loop
vertex 2.626942e+01 6.102490e-01 1.174231e+01
vertex 2.731975e+01 8.259919e-01 1.001455e+01
vertex 2.667814e+01 1.748744e+00 1.101821e+01
endloop
endfacet
facet normal 0 0 0
outer loop
vertex 2.668770e+01 -2.999654e-01 1.112856e+01
vertex 2.731975e+01 8.259919e-01 1.001455e+01
vertex 2.626942e+01 6.102490e-01 1.174231e+01
endloop
endfacet
facet normal 0 0 0
outer loop
vertex 2.821662e+01 -6.009141e-01 8.213021e+00
vertex 2.835404e+01 7.824453e-01 7.846961e+00
vertex 2.788240e+01 8.546090e-01 8.907482e+00
endloop
endfacet
facet normal 0 0 0
outer loop
vertex 2.512462e+01 4.795737e+00 1.265200e+01
vertex 2.584319e+01 4.910634e+00 1.163425e+01
vertex 2.528609e+01 6.195242e+00 1.201351e+01
endloop
endfacet
facet normal 0 0 0
outer loop
vertex 2.584319e+01 4.910634e+00 1.163425e+01
vertex 2.596582e+01 6.405451e+00 1.093282e+01
vertex 2.528609e+01 6.195242e+00 1.201351e+01
endloop
endfacet
facet normal 0 0 0
outer loop
vertex 2.691250e+01 3.925582e+00 1.019987e+01
vertex 2.721307e+01 5.235995e+00 9.199133e+00
vertex 2.646465e+01 4.895232e+00 1.067955e+01
endloop
endfacet
facet normal 0 0 0
outer loop
vertex 2.731975e+01 8.259919e-01 1.001455e+01
vertex 2.788240e+01 8.546090e-01 8.907482e+00
vertex 2.767112e+01 2.356311e+00 9.134486e+00
endloop
endfacet
facet normal 0 0 0
outer loop
vertex 2.633250e+01 6.998718e+00 1.006479e+01
vertex 2.720008e+01 6.418627e+00 8.688205e+00
vertex 2.672903e+01 7.834335e+00 8.864048e+00
endloop
endfacet
facet normal 0 0 0
outer loop
vertex 2.672903e+01 7.834335e+00 8.864048e+00
vertex 2.720008e+01 6.418627e+00 8.688205e+00
vertex 2.725639e+01 7.721210e+00 7.772267e+00
endloop
endfacet
facet normal 0 0 0
outer loop
vertex 2.716112e+01 2.400776e+00 1.010157e+01
vertex 2.745373e+01 3.997116e+00 9.158243e+00
vertex 2.691250e+01 3.925582e+00 1.019987e+01
endloop
endfacet
facet normal 0 0 0
outer loop
vertex 2.691250e+01 3.925582e+00 1.019987e+01
vertex 2.642926e+01 3.295134e+00 1.115526e+01
vertex 2.716112e+01 2.400776e+00 1.010157e+01
endloop
endfacet
facet normal 0 0 0
outer loop
vertex 2.767112e+01 2.356311e+00 9.134486e+00
vertex 2.716112e+01 2.400776e+00 1.010157e+01
vertex 2.731975e+01 8.259919e-01 1.001455e+01
endloop
endfacet
facet normal 0 0 0
outer loop
vertex 2.745373e+01 3.997116e+00 9.158243e+00
vertex 2.716112e+01 2.400776e+00 1.010157e+01
vertex 2.767112e+01 2.356311e+00 9.134486e+00
endloop
endfacet
facet normal 0 0 0
outer loop
vertex 2.745373e+01 3.997116e+00 9.158243e+00
vertex 2.767112e+01 2.356311e+00 9.134486e+00
vertex 2.812163e+01 3.623049e+00 7.794994e+00
endloop
endfacet
facet normal 0 0 0
outer loop
vertex 2.585990e+01 -4.673905e-01 1.234453e+01
vertex 2.635932e+01 -1.461456e+00 1.159550e+01
vertex 2.668770e+01 -2.999654e-01 1.112856e+01
endloop
endfacet
facet normal 0 0 0
outer loop
vertex 2.812830e+01 -1.841678e+00 8.325937e+00
vertex 2.779461e+01 -3.963730e-01 9.146800e+00
vertex 2.758557e+01 -1.988938e+00 9.455895e+00
endloop
endfacet
facet normal 0 0 0
outer loop
vertex 2.812830e+01 -1.841678e+00 8.325937e+00
vertex 2.821662e+01 -6.009141e-01 8.213021e+00
vertex 2.779461e+01 -3.963730e-01 9.146800e+00
endloop
endfacet
facet normal 0 0 0
outer loop
vertex 2.588746e+01 -9.510244e+00 9.801950e+00
vertex 2.639219e+01 -9.732064e+00 8.694738e+00
vertex 2.660908e+01 -8.208765e+00 9.238929e+00
endloop
endfacet
facet normal 0 0 0
outer loop
vertex 2.585990e+01 -4.673905e-01 1.234453e+01
vertex 2.668770e+01 -2.999654e-01 1.112856e+01
vertex 2.626942e+01 6.102490e-01 1.174231e+01
endloop
endfacet
facet normal 0 0 0
outer loop
vertex 2.731975e+01 8.259919e-01 1.001455e+01
vertex 2.721172e+01 -9.146897e-01 1.024098e+01
vertex 2.779461e+01 -3.963730e-01 9.146800e+00
endloop
endfacet
facet normal 0 0 0
outer loop
vertex 2.713349e+01 -6.533808e+00 9.061975e+00
vertex 2.722127e+01 -7.431470e+00 8.424035e+00
vertex 2.790603e+01 -5.915262e+00 7.631278e+00
endloop
endfacet
facet normal 0 0 0
outer loop
vertex 2.441340e+01 -6.381259e+00 7.125044e+00
vertex 2.295866e+01 -5.199971e+00 7.382827e+00
vertex 2.448071e+01 -4.274903e+00 6.714954e+00
endloop
endfacet
facet normal 0 0 0
outer loop
vertex 2.785703e+01 -3.831120e+00 8.535914e+00
vertex 2.708737e+01 -5.236215e+00 9.669372e+00
vertex 2.757317e+01 -5.346033e+00 8.650518e+00
endloop
endfacet
facet normal 0 0 0
outer loop
vertex 2.779461e+01 -3.963730e-01 9.146800e+00
vertex 2.721172e+01 -9.146897e-01 1.024098e+01
vertex 2.758557e+01 -1.988938e+00 9.455895e+00
endloop
endfacet
facet normal 0 0 0
outer loop
vertex 1.902296e+01 -5.124488e-01 8.529003e+00
vertex 1.659483e+01 -1.010253e+00 9.705629e+00
vertex 1.775412e+01 9.556633e-01 9.132680e+00
endloop
endfacet
facet normal 0 0 0
outer loop
vertex 2.540658e+01 -1.691642e+00 1.289238e+01
vertex 2.635932e+01 -1.461456e+00 1.159550e+01
vertex 2.585990e+01 -4.673905e-01 1.234453e+01
endloop
endfacet
facet normal 0 0 0
outer loop
vertex 2.374254e+01 -1.939746e+00 1.474412e+01
vertex 2.449606e+01 -2.450660e+00 1.390965e+01
vertex 2.400594e+01 -1.016030e-01 1.453306e+01
endloop
endfacet
facet normal 0 0 0
outer loop
vertex 1.659483e+01 -1.010253e+00 9.705629e+00
vertex 1.902296e+01 -5.124488e-01 8.529003e+00
vertex 1.840370e+01 -1.956620e+00 8.874563e+00
endloop
endfacet
facet normal 0 0 0
outer loop
vertex 2.375678e+01 -3.704536e+00 1.454440e+01
vertex 2.419152e+01 -4.950341e+00 1.386552e+01
vertex 2.482308e+01 -3.365097e+00 1.342609e+01
endloop
endfacet
facet normal 0 0 0
outer loop
vertex 1.981209e+01 -3.692553e+00 8.403460e+00
vertex 2.065349e+01 -1.859302e+00 7.874303e+00
vertex 2.139658e+01 -3.275889e+00 7.695335e+00
endloop
endfacet
facet normal 0 0 0
outer loop
vertex 1.902296e+01 -5.124488e-01 8.529003e+00
vertex 1.775412e+01 9.556633e-01 9.132680e+00
vertex 2.021115e+01 1.094074e+00 8.025047e+00
endloop
endfacet
facet normal 0 0 0
outer loop
vertex 2.227028e+01 1.406554e+00 7.211314e+00
vertex 2.021115e+01 1.094074e+00 8.025047e+00
vertex 2.070509e+01 2.833224e+00 7.929899e+00
endloop
endfacet
facet normal 0 0 0
outer loop
vertex 2.065349e+01 -1.859302e+00 7.874303e+00
vertex 1.902296e+01 -5.124488e-01 8.529003e+00
vertex 2.087874e+01 -2.249808e-01 7.722703e+00
endloop
endfacet
facet normal 0 0 0
outer loop
vertex 2.135126e+01 -6.071548e+00 8.151826e+00
vertex 2.295866e+01 -5.199971e+00 7.382827e+00
vertex 2.287832e+01 -7.019983e+00 7.790475e+00
endloop
endfacet
facet normal 0 0 0
outer loop
vertex 2.065349e+01 -1.859302e+00 7.874303e+00
vertex 2.273961e+01 -2.153560e+00 7.080017e+00
vertex 2.139658e+01 -3.275889e+00 7.695335e+00
endloop
endfacet
facet normal 0 0 0
outer loop
vertex 2.139658e+01 -3.275889e+00 7.695335e+00
vertex 2.138191e+01 -4.533649e+00 7.866525e+00
vertex 1.981209e+01 -3.692553e+00 8.403460e+00
endloop
endfacet
facet normal 0 0 0
outer loop
vertex 1.840370e+01 -1.956620e+00 8.874563e+00
vertex 2.065349e+01 -1.859302e+00 7.874303e+00
vertex 1.981209e+01 -3.692553e+00 8.403460e+00
endloop
endfacet
facet normal 0 0 0
outer loop
vertex 1.764267e+01 -3.454787e+00 9.368060e+00
vertex 1.840370e+01 -1.956620e+00 8.874563e+00
vertex 1.981209e+01 -3.692553e+00 8.403460e+00
endloop
endfacet
facet normal 0 0 0
outer loop
vertex 2.287832e+01 -7.019983e+00 7.790475e+00
vertex 2.245305e+01 -8.673775e+00 8.385799e+00
vertex 2.061963e+01 -7.923846e+00 8.881605e+00
endloop
endfacet
facet normal 0 0 0
outer loop
vertex 2.448071e+01 -4.274903e+00 6.714954e+00
vertex 2.565607e+01 -5.185392e+00 6.509191e+00
vertex 2.441340e+01 -6.381259e+00 7.125044e+00
endloop
endfacet
facet normal 0 0 0
outer loop
vertex 2.310567e+01 -3.610890e+00 7.090126e+00
vertex 2.295866e+01 -5.199971e+00 7.382827e+00
vertex 2.138191e+01 -4.533649e+00 7.866525e+00
endloop
endfacet
facet normal 0 0 0
outer loop
vertex 2.139658e+01 -3.275889e+00 7.695335e+00
vertex 2.310567e+01 -3.610890e+00 7.090126e+00
vertex 2.138191e+01 -4.533649e+00 7.866525e+00
endloop
endfacet
facet normal 0 0 0
outer loop
vertex 2.310567e+01 -3.610890e+00 7.090126e+00
vertex 2.139658e+01 -3.275889e+00 7.695335e+00
vertex 2.273961e+01 -2.153560e+00 7.080017e+00
endloop
endfacet
facet normal 0 0 0
outer loop
vertex 2.808518e+01 -3.613582e-01 5.409256e+00
vertex 2.747192e+01 -1.768980e+00 5.609056e+00
vertex 2.644984e+01 1.519858e-01 5.811269e+00
endloop
endfacet
facet normal 0 0 0
outer loop
vertex 2.752196e+01 1.294407e+00 5.572112e+00
vertex 2.808518e+01 -3.613582e-01 5.409256e+00
vertex 2.644984e+01 1.519858e-01 5.811269e+00
endloop
endfacet
facet normal 0 0 0
outer loop
vertex 2.926345e+01 3.100366e-01 5.155576e+00
vertex 2.923267e+01 -1.544690e+00 5.197177e+00
vertex 2.808518e+01 -3.613582e-01 5.409256e+00
endloop
endfacet
facet normal 0 0 0
outer loop
vertex 2.881822e+01 -5.063602e-01 6.643975e+00
vertex 2.923267e+01 -1.544690e+00 5.197177e+00
vertex 2.926345e+01 3.100366e-01 5.155576e+00
endloop
endfacet
facet normal 0 0 0
outer loop
vertex 2.923267e+01 -1.544690e+00 5.197177e+00
vertex 2.747192e+01 -1.768980e+00 5.609056e+00
vertex 2.808518e+01 -3.613582e-01 5.409256e+00
endloop
endfacet
facet normal 0 0 0
outer loop
vertex 2.455737e+01 -2.080219e+00 6.452168e+00
vertex 2.622096e+01 -3.159628e+00 6.052312e+00
vertex 2.448071e+01 -4.274903e+00 6.714954e+00
endloop
endfacet
facet normal 0 0 0
outer loop
vertex 2.926345e+01 3.100366e-01 5.155576e+00
vertex 2.808518e+01 -3.613582e-01 5.409256e+00
vertex 2.752196e+01 1.294407e+00 5.572112e+00
endloop
endfacet
facet normal 0 0 0
outer loop
vertex 2.448071e+01 -4.274903e+00 6.714954e+00
vertex 2.622096e+01 -3.159628e+00 6.052312e+00
vertex 2.565607e+01 -5.185392e+00 6.509191e+00
endloop
endfacet
facet normal 0 0 0
outer loop
vertex 2.885538e+01 -4.488236e+00 5.590254e+00
vertex 2.909291e+01 -3.036003e+00 5.347214e+00
vertex 2.832399e+01 -4.475495e+00 7.189211e+00
endloop
endfacet
facet normal 0 0 0
outer loop
vertex 2.909291e+01 -3.036003e+00 5.347214e+00
vertex 2.885538e+01 -4.488236e+00 5.590254e+00
vertex 2.677358e+01 -4.673090e+00 6.113705e+00
endloop
endfacet
facet normal 0 0 0
outer loop
vertex 2.617709e+01 -6.805508e+00 6.702542e+00
vertex 2.421765e+01 -7.615466e+00 7.484766e+00
vertex 2.441340e+01 -6.381259e+00 7.125044e+00
endloop
endfacet
facet normal 0 0 0
outer loop
vertex 2.790603e+01 -5.915262e+00 7.631278e+00
vertex 2.722127e+01 -7.431470e+00 8.424035e+00
vertex 2.764123e+01 -8.408462e+00 6.754380e+00
endloop
endfacet
facet normal 0 0 0
outer loop
vertex 1.943834e+01 -1.350968e+01 1.137185e+01
vertex 1.821755e+01 -1.161011e+01 1.111445e+01
vertex 2.026062e+01 -1.185700e+01 1.033226e+01
endloop
endfacet
facet normal 0 0 0
outer loop
vertex 1.023312e+01 -1.252149e+01 1.572142e+01
vertex 9.206606e+00 -1.384272e+01 1.689708e+01
vertex 8.544106e+00 -1.191344e+01 1.655203e+01
endloop
endfacet
facet normal 0 0 0
outer loop
vertex 2.287832e+01 -7.019983e+00 7.790475e+00
vertex 2.061963e+01 -7.923846e+00 8.881605e+00
vertex 2.135126e+01 -6.071548e+00 8.151826e+00
endloop
endfacet
facet normal 0 0 0
outer loop
vertex 2.421765e+01 -7.615466e+00 7.484766e+00
vertex 2.287832e+01 -7.019983e+00 7.790475e+00
vertex 2.441340e+01 -6.381259e+00 7.125044e+00
endloop
endfacet
facet normal 0 0 0
outer loop
vertex 2.245305e+01 -8.673775e+00 8.385799e+00
vertex 2.188264e+01 -1.090980e+01 9.338212e+00
vertex 2.084672e+01 -9.539542e+00 9.264708e+00
endloop
endfacet
facet normal 0 0 0
outer loop
vertex 2.245305e+01 -8.673775e+00 8.385799e+00
vertex 2.484078e+01 -8.850559e+00 7.644167e+00
vertex 2.351901e+01 -1.019418e+01 8.504670e+00
endloop
endfacet
facet normal 0 0 0
outer loop
vertex 2.614943e+01 -1.117146e+01 8.072318e+00
vertex 2.351901e+01 -1.019418e+01 8.504670e+00
vertex 2.484078e+01 -8.850559e+00 7.644167e+00
endloop
endfacet
facet normal 0 0 0
outer loop
vertex 2.692658e+01 -9.871056e+00 7.398090e+00
vertex 2.614943e+01 -1.117146e+01 8.072318e+00
vertex 2.484078e+01 -8.850559e+00 7.644167e+00
endloop
endfacet
facet normal 0 0 0
outer loop
vertex 2.242353e+01 -8.136198e+00 1.480509e+01
vertex 2.102088e+01 -9.242525e+00 1.566247e+01
vertex 2.171009e+01 -9.731825e+00 1.489634e+01
endloop
endfacet
facet normal 0 0 0
outer loop
vertex 1.731801e+01 -1.349768e+01 1.230630e+01
vertex 1.821755e+01 -1.161011e+01 1.111445e+01
vertex 1.943834e+01 -1.350968e+01 1.137185e+01
endloop
endfacet
facet normal 0 0 0
outer loop
vertex 1.842510e+01 -1.531620e+01 1.267133e+01
vertex 1.731801e+01 -1.349768e+01 1.230630e+01
vertex 1.943834e+01 -1.350968e+01 1.137185e+01
endloop
endfacet
facet normal 0 0 0
outer loop
vertex 1.923409e+01 -1.681446e+01 1.310855e+01
vertex 2.068909e+01 -1.615633e+01 1.216818e+01
vertex 2.055206e+01 -1.542383e+01 1.287755e+01
endloop
endfacet
facet normal 0 0 0
outer loop
vertex 2.279507e+01 -9.183855e+00 1.406958e+01
vertex 2.333000e+01 -8.075447e+00 1.392683e+01
vertex 2.242353e+01 -8.136198e+00 1.480509e+01
endloop
endfacet
facet normal 0 0 0
outer loop
vertex 2.619042e+01 -7.693458e+00 1.026932e+01
vertex 2.660908e+01 -8.208765e+00 9.238929e+00
vertex 2.713349e+01 -6.533808e+00 9.061975e+00
endloop
endfacet
facet normal 0 0 0
outer loop
vertex 2.621680e+01 -3.991738e+00 1.146168e+01
vertex 2.517612e+01 -4.677827e+00 1.275788e+01
vertex 2.575021e+01 -5.351372e+00 1.181455e+01
endloop
endfacet
facet normal 0 0 0
outer loop
vertex 2.559612e+01 -1.085593e+01 9.399693e+00
vertex 2.639219e+01 -9.732064e+00 8.694738e+00
vertex 2.588746e+01 -9.510244e+00 9.801950e+00
endloop
endfacet
facet normal 0 0 0
outer loop
vertex 1.155114e+01 -1.496289e+01 1.855916e+01
vertex 1.050946e+01 -1.554150e+01 1.864445e+01
vertex 1.216165e+01 -1.590171e+01 1.794501e+01
endloop
endfacet
facet normal 0 0 0
outer loop
vertex 2.385620e+01 -1.042241e+01 1.230067e+01
vertex 2.273564e+01 -1.135178e+01 1.313624e+01
vertex 2.339980e+01 -1.200860e+01 1.196701e+01
endloop
endfacet
facet normal 0 0 0
outer loop
vertex 2.273564e+01 -1.135178e+01 1.313624e+01
vertex 2.259418e+01 -1.255477e+01 1.260531e+01
vertex 2.339980e+01 -1.200860e+01 1.196701e+01
endloop
endfacet
facet normal 0 0 0
outer loop
vertex 2.294673e+01 -1.248665e+00 1.553319e+01
vertex 2.273735e+01 -3.063568e+00 1.558722e+01
vertex 2.374254e+01 -1.939746e+00 1.474412e+01
endloop
endfacet
facet normal 0 0 0
outer loop
vertex 9.639481e+00 -1.686783e+00 1.371846e+01
vertex 9.573943e+00 -3.258022e+00 1.387827e+01
vertex 7.513147e+00 -2.008572e+00 1.513481e+01
endloop
endfacet
facet normal 0 0 0
outer loop
vertex 2.419152e+01 -4.950341e+00 1.386552e+01
vertex 2.312566e+01 -6.890679e+00 1.450376e+01
vertex 2.429818e+01 -6.017965e+00 1.349013e+01
endloop
endfacet
facet normal 0 0 0
outer loop
vertex 1.823136e+01 -1.043239e+01 1.721334e+01
vertex 1.689490e+01 -1.116824e+01 1.772165e+01
vertex 1.835063e+01 -1.147381e+01 1.677151e+01
endloop
endfacet
facet normal 0 0 0
outer loop
vertex 2.375678e+01 -3.704536e+00 1.454440e+01
vertex 2.482308e+01 -3.365097e+00 1.342609e+01
vertex 2.449606e+01 -2.450660e+00 1.390965e+01
endloop
endfacet
facet normal 0 0 0
outer loop
vertex 2.333000e+01 -8.075447e+00 1.392683e+01
vertex 2.429818e+01 -6.017965e+00 1.349013e+01
vertex 2.312566e+01 -6.890679e+00 1.450376e+01
endloop
endfacet
facet normal 0 0 0
outer loop
vertex 2.375678e+01 -3.704536e+00 1.454440e+01
vertex 2.273735e+01 -3.063568e+00 1.558722e+01
vertex 2.249965e+01 -4.529817e+00 1.559920e+01
endloop
endfacet
facet normal 0 0 0
outer loop
vertex 2.621680e+01 -3.991738e+00 1.146168e+01
vertex 2.577112e+01 -3.023339e+00 1.227079e+01
vertex 2.517612e+01 -4.677827e+00 1.275788e+01
endloop
endfacet
facet normal 0 0 0
outer loop
vertex 2.312566e+01 -6.890679e+00 1.450376e+01
vertex 2.242353e+01 -8.136198e+00 1.480509e+01
vertex 2.333000e+01 -8.075447e+00 1.392683e+01
endloop
endfacet
facet normal 0 0 0
outer loop
vertex 2.449606e+01 -2.450660e+00 1.390965e+01
vertex 2.480822e+01 -5.276324e-01 1.366076e+01
vertex 2.400594e+01 -1.016030e-01 1.453306e+01
endloop
endfacet
facet normal 0 0 0
outer loop
vertex 2.648923e+01 -2.956790e+00 1.123390e+01
vertex 2.700792e+01 -2.241928e+00 1.048785e+01
vertex 2.635932e+01 -1.461456e+00 1.159550e+01
endloop
endfacet
facet normal 0 0 0
outer loop
vertex 2.635932e+01 -1.461456e+00 1.159550e+01
vertex 2.577112e+01 -3.023339e+00 1.227079e+01
vertex 2.648923e+01 -2.956790e+00 1.123390e+01
endloop
endfacet
facet normal 0 0 0
outer loop
vertex 2.621680e+01 -3.991738e+00 1.146168e+01
vertex 2.648923e+01 -2.956790e+00 1.123390e+01
vertex 2.577112e+01 -3.023339e+00 1.227079e+01
endloop
endfacet
facet normal 0 0 0
outer loop
vertex 2.648923e+01 -2.956790e+00 1.123390e+01
vertex 2.621680e+01 -3.991738e+00 1.146168e+01
vertex 2.714325e+01 -3.519089e+00 1.003900e+01
endloop
endfacet
facet normal 0 0 0
outer loop
vertex 2.249965e+01 -4.529817e+00 1.559920e+01
vertex 2.309450e+01 -5.032691e+00 1.497312e+01
vertex 2.375678e+01 -3.704536e+00 1.454440e+01
endloop
endfacet
facet normal 0 0 0
outer loop
vertex 2.309450e+01 -5.032691e+00 1.497312e+01
vertex 2.312566e+01 -6.890679e+00 1.450376e+01
vertex 2.419152e+01 -4.950341e+00 1.386552e+01
endloop
endfacet
facet normal 0 0 0
outer loop
vertex 2.312566e+01 -6.890679e+00 1.450376e+01
vertex 2.309450e+01 -5.032691e+00 1.497312e+01
vertex 2.237716e+01 -6.329384e+00 1.535006e+01
endloop
endfacet
facet normal 0 0 0
outer loop
vertex 1.732290e+01 -8.189811e+00 1.832115e+01
vertex 1.647268e+01 -9.749139e+00 1.835237e+01
vertex 1.744743e+01 -9.688687e+00 1.788269e+01
endloop
endfacet
facet normal 0 0 0
outer loop
vertex 2.294673e+01 -1.248665e+00 1.553319e+01
vertex 2.400594e+01 -1.016030e-01 1.453306e+01
vertex 2.316279e+01 -5.905303e-02 1.535254e+01
endloop
endfacet
facet normal 0 0 0
outer loop
vertex 1.967876e+01 -6.157781e+00 1.741613e+01
vertex 2.042443e+01 -4.154664e+00 1.724200e+01
vertex 1.899816e+01 -5.450331e+00 1.794539e+01
endloop
endfacet
facet normal 0 0 0
outer loop
vertex 1.744743e+01 -9.688687e+00 1.788269e+01
vertex 1.647268e+01 -9.749139e+00 1.835237e+01
vertex 1.689490e+01 -1.116824e+01 1.772165e+01
endloop
endfacet
facet normal 0 0 0
outer loop
vertex 1.744743e+01 -9.688687e+00 1.788269e+01
vertex 1.823136e+01 -1.043239e+01 1.721334e+01
vertex 1.823072e+01 -8.797048e+00 1.769398e+01
endloop
endfacet
facet normal 0 0 0
outer loop
vertex 1.770803e+01 -1.732791e+01 1.404612e+01
vertex 1.743143e+01 -1.653272e+01 1.480475e+01
vertex 1.627845e+01 -1.762652e+01 1.487275e+01
endloop
endfacet
facet normal 0 0 0
outer loop
vertex 2.237000e+01 -1.051064e+01 1.393995e+01
vertex 2.087423e+01 -1.123998e+01 1.500594e+01
vertex 2.155963e+01 -1.187651e+01 1.407939e+01
endloop
endfacet
facet normal 0 0 0
outer loop
vertex 1.733726e+01 -6.752892e+00 1.859830e+01
vertex 1.603368e+01 -8.555814e+00 1.883340e+01
vertex 1.732290e+01 -8.189811e+00 1.832115e+01
endloop
endfacet
facet normal 0 0 0
outer loop
vertex 1.603368e+01 -8.555814e+00 1.883340e+01
vertex 1.733726e+01 -6.752892e+00 1.859830e+01
vertex 1.640799e+01 -6.636426e+00 1.903326e+01
endloop
endfacet
facet normal 0 0 0
outer loop
vertex 1.756399e+01 -2.158940e+00 1.899183e+01
vertex 1.817823e+01 -5.354784e-01 1.874731e+01
vertex 1.712473e+01 -2.197747e-01 1.922585e+01
endloop
endfacet
facet normal 0 0 0
outer loop
vertex 1.923166e+01 -3.568405e+00 1.804620e+01
vertex 2.022914e+01 -2.743844e+00 1.751089e+01
vertex 1.887948e+01 -1.975760e+00 1.835186e+01
endloop
endfacet
facet normal 0 0 0
outer loop
vertex 1.899816e+01 -5.450331e+00 1.794539e+01
vertex 1.863026e+01 -6.927762e+00 1.789652e+01
vertex 1.967876e+01 -6.157781e+00 1.741613e+01
endloop
endfacet
facet normal 0 0 0
outer loop
vertex 1.785076e+01 -3.671721e+00 1.875781e+01
vertex 1.688659e+01 -3.827475e+00 1.917475e+01
vertex 1.798928e+01 -5.161216e+00 1.852620e+01
endloop
endfacet
facet normal 0 0 0
outer loop
vertex 1.756399e+01 -2.158940e+00 1.899183e+01
vertex 1.785076e+01 -3.671721e+00 1.875781e+01
vertex 1.887948e+01 -1.975760e+00 1.835186e+01
endloop
endfacet
facet normal 0 0 0
outer loop
vertex 1.660767e+01 -1.558360e+01 1.594802e+01
vertex 1.627845e+01 -1.762652e+01 1.487275e+01
vertex 1.743143e+01 -1.653272e+01 1.480475e+01
endloop
endfacet
facet normal 0 0 0
outer loop
vertex 1.823072e+01 -8.797048e+00 1.769398e+01
vertex 1.823136e+01 -1.043239e+01 1.721334e+01
vertex 1.905025e+01 -9.778723e+00 1.691504e+01
endloop
endfacet
facet normal 0 0 0
outer loop
vertex 1.689490e+01 -1.116824e+01 1.772165e+01
vertex 1.823136e+01 -1.043239e+01 1.721334e+01
vertex 1.744743e+01 -9.688687e+00 1.788269e+01
endloop
endfacet
facet normal 0 0 0
outer loop
vertex 1.603368e+01 -8.555814e+00 1.883340e+01
vertex 1.647268e+01 -9.749139e+00 1.835237e+01
vertex 1.732290e+01 -8.189811e+00 1.832115e+01
endloop
endfacet
facet normal 0 0 0
outer loop
vertex 2.049778e+01 -1.312371e+01 1.440113e+01
vertex 2.153826e+01 -1.302320e+01 1.346766e+01
vertex 2.155963e+01 -1.187651e+01 1.407939e+01
endloop
endfacet
facet normal 0 0 0
outer loop
vertex 1.881784e+01 -1.247931e+01 1.604785e+01
vertex 1.984357e+01 -1.234375e+01 1.535248e+01
vertex 1.956929e+01 -1.103957e+01 1.611588e+01
endloop
endfacet
facet normal 0 0 0
outer loop
vertex 1.956929e+01 -1.103957e+01 1.611588e+01
vertex 1.984357e+01 -1.234375e+01 1.535248e+01
vertex 2.087423e+01 -1.123998e+01 1.500594e+01
endloop
endfacet
facet normal 0 0 0
outer loop
vertex 1.500073e+01 -1.149707e+01 1.850833e+01
vertex 1.553228e+01 -1.048470e+01 1.857551e+01
vertex 1.363247e+01 -1.049882e+01 1.928984e+01
endloop
endfacet
facet normal 0 0 0
outer loop
vertex 1.893893e+01 -1.617683e+01 1.384474e+01
vertex 1.866422e+01 -1.549774e+01 1.453824e+01
vertex 1.743143e+01 -1.653272e+01 1.480475e+01
endloop
endfacet
facet normal 0 0 0
outer loop
vertex 1.899064e+01 -1.364010e+01 1.536179e+01
vertex 1.984357e+01 -1.234375e+01 1.535248e+01
vertex 1.881784e+01 -1.247931e+01 1.604785e+01
endloop
endfacet
facet normal 0 0 0
outer loop
vertex 1.928186e+01 -1.434546e+01 1.474798e+01
vertex 1.975370e+01 -1.503519e+01 1.391295e+01
vertex 2.049778e+01 -1.312371e+01 1.440113e+01
endloop
endfacet
facet normal 0 0 0
outer loop
vertex 1.975370e+01 -1.503519e+01 1.391295e+01
vertex 1.893893e+01 -1.617683e+01 1.384474e+01
vertex 2.055206e+01 -1.542383e+01 1.287755e+01
endloop
endfacet
facet normal 0 0 0
outer loop
vertex 2.087423e+01 -1.123998e+01 1.500594e+01
vertex 2.049778e+01 -1.312371e+01 1.440113e+01
vertex 2.155963e+01 -1.187651e+01 1.407939e+01
endloop
endfacet
facet normal 0 0 0
outer loop
vertex 2.087423e+01 -1.123998e+01 1.500594e+01
vertex 1.984357e+01 -1.234375e+01 1.535248e+01
vertex 2.049778e+01 -1.312371e+01 1.440113e+01
endloop
endfacet
facet normal 0 0 0
outer loop
vertex 1.984357e+01 -1.234375e+01 1.535248e+01
vertex 1.899064e+01 -1.364010e+01 1.536179e+01
vertex 2.049778e+01 -1.312371e+01 1.440113e+01
endloop
endfacet
facet normal 0 0 0
outer loop
vertex 2.055206e+01 -1.542383e+01 1.287755e+01
vertex 2.160780e+01 -1.562748e+01 1.154458e+01
vertex 2.171362e+01 -1.413086e+01 1.256015e+01
endloop
endfacet
facet normal 0 0 0
outer loop
vertex 1.378668e+01 -1.195930e+01 1.883962e+01
vertex 1.352085e+01 -1.346396e+01 1.844148e+01
vertex 1.459899e+01 -1.271239e+01 1.827829e+01
endloop
endfacet
facet normal 0 0 0
outer loop
vertex 1.352085e+01 -1.346396e+01 1.844148e+01
vertex 1.207635e+01 -1.375476e+01 1.883847e+01
vertex 1.332185e+01 -1.463385e+01 1.806126e+01
endloop
endfacet
facet normal 0 0 0
outer loop
vertex 6.382442e+00 -6.879152e+00 1.655532e+01
vertex 4.566051e+00 -7.640154e+00 1.800395e+01
vertex 5.390332e+00 -4.953066e+00 1.691509e+01
endloop
endfacet
facet normal 0 0 0
outer loop
vertex 1.155114e+01 -1.496289e+01 1.855916e+01
vertex 1.035615e+01 -1.392769e+01 1.927559e+01
vertex 1.050946e+01 -1.554150e+01 1.864445e+01
endloop
endfacet
facet normal 0 0 0
outer loop
vertex 1.352085e+01 -1.346396e+01 1.844148e+01
vertex 1.332185e+01 -1.463385e+01 1.806126e+01
vertex 1.472757e+01 -1.392202e+01 1.775649e+01
endloop
endfacet
facet normal 0 0 0
outer loop
vertex 1.035615e+01 -1.392769e+01 1.927559e+01
vertex 8.904039e+00 -1.589124e+01 1.892039e+01
vertex 1.050946e+01 -1.554150e+01 1.864445e+01
endloop
endfacet
facet normal 0 0 0
outer loop
vertex 1.299912e+01 -3.771905e-01 1.163513e+01
vertex 1.208156e+01 -1.579826e+00 1.221276e+01
vertex 1.068391e+01 -6.448438e-02 1.301941e+01
endloop
endfacet
facet normal 0 0 0
outer loop
vertex 1.631881e+01 -8.192464e+00 1.091612e+01
vertex 1.506185e+01 -1.039773e+01 1.222107e+01
vertex 1.413189e+01 -8.377389e+00 1.211284e+01
endloop
endfacet
facet normal 0 0 0
outer loop
vertex 1.733726e+01 -6.752892e+00 1.859830e+01
vertex 1.798928e+01 -5.161216e+00 1.852620e+01
vertex 1.632851e+01 -5.272912e+00 1.925407e+01
endloop
endfacet
facet normal 0 0 0
outer loop
vertex 1.553228e+01 -1.048470e+01 1.857551e+01
vertex 1.603368e+01 -8.555814e+00 1.883340e+01
vertex 1.473622e+01 -9.764544e+00 1.907937e+01
endloop
endfacet
facet normal 0 0 0
outer loop
vertex 1.378668e+01 -1.195930e+01 1.883962e+01
vertex 1.500073e+01 -1.149707e+01 1.850833e+01
vertex 1.363247e+01 -1.049882e+01 1.928984e+01
endloop
endfacet
facet normal 0 0 0
outer loop
vertex 1.262841e+01 -1.263703e+01 1.902964e+01
vertex 1.207635e+01 -1.375476e+01 1.883847e+01
vertex 1.352085e+01 -1.346396e+01 1.844148e+01
endloop
endfacet
facet normal 0 0 0
outer loop
vertex 1.262841e+01 -1.263703e+01 1.902964e+01
vertex 1.352085e+01 -1.346396e+01 1.844148e+01
vertex 1.378668e+01 -1.195930e+01 1.883962e+01
endloop
endfacet
facet normal 0 0 0
outer loop
vertex 1.512733e+01 -3.463266e+00 1.984336e+01
vertex 1.433310e+01 -2.035352e+00 2.014232e+01
vertex 1.321245e+01 -3.681996e+00 2.033918e+01
endloop
endfacet
facet normal 0 0 0
outer loop
vertex 9.889117e-01 -1.647554e+00 1.987697e+01
vertex -6.475174e-02 -3.600676e+00 2.085078e+01
vertex -2.624041e-01 -1.556290e+00 2.085078e+01
endloop
endfacet
facet normal 0 0 0
outer loop
vertex 9.382337e+00 -7.178504e+00 2.069411e+01
vertex 8.116846e+00 -5.794782e+00 2.082836e+01
vertex 6.647437e+00 -8.207024e+00 2.080927e+01
endloop
endfacet
facet normal 0 0 0
outer loop
vertex 2.701059e+00 -7.341165e+00 1.931363e+01
vertex 3.652540e+00 -5.295848e+00 1.822558e+01
vertex 4.566051e+00 -7.640154e+00 1.800395e+01
endloop
endfacet
facet normal 0 0 0
outer loop
vertex 1.004380e+01 -4.941530e+00 2.075117e+01
vertex 1.153457e+01 -2.715055e+00 2.066677e+01
vertex 9.578832e+00 -3.119970e+00 2.082013e+01
endloop
endfacet
facet normal 0 0 0
outer loop
vertex 1.647268e+01 -9.749139e+00 1.835237e+01
vertex 1.553228e+01 -1.048470e+01 1.857551e+01
vertex 1.689490e+01 -1.116824e+01 1.772165e+01
endloop
endfacet
facet normal 0 0 0
outer loop
vertex 1.378668e+01 -1.195930e+01 1.883962e+01
vertex 1.248625e+01 -1.125326e+01 1.945953e+01
vertex 1.262841e+01 -1.263703e+01 1.902964e+01
endloop
endfacet
facet normal 0 0 0
outer loop
vertex 9.382337e+00 -7.178504e+00 2.069411e+01
vertex 1.090568e+01 -6.390598e+00 2.056816e+01
vertex 1.004380e+01 -4.941530e+00 2.075117e+01
endloop
endfacet
facet normal 0 0 0
outer loop
vertex 3.872772e+00 -9.588239e+00 1.900962e+01
vertex 5.641793e+00 -9.109813e+00 1.761160e+01
vertex 5.461202e+00 -1.088794e+01 1.826873e+01
endloop
endfacet
facet normal 0 0 0
outer loop
vertex 2.454809e+00 -1.173145e+01 2.071132e+01
vertex 4.624316e+00 -9.270409e+00 2.082424e+01
vertex 1.658535e+00 -1.021205e+01 2.082745e+01
endloop
endfacet
facet normal 0 0 0
outer loop
vertex 9.382337e+00 -7.178504e+00 2.069411e+01
vertex 6.985220e+00 -1.024643e+01 2.063078e+01
vertex 8.415207e+00 -1.022786e+01 2.048462e+01
endloop
endfacet
facet normal 0 0 0
outer loop
vertex 6.276103e+00 2.675974e+00 1.603036e+01
vertex 4.151288e+00 3.098593e+00 1.758454e+01
vertex 5.135517e+00 4.530702e+00 1.703741e+01
endloop
endfacet
facet normal 0 0 0
outer loop
vertex 5.427808e+00 -3.313665e+00 2.085051e+01
vertex 2.576113e+00 -2.692827e+00 2.085078e+01
vertex 3.593390e+00 -4.848350e+00 2.085078e+01
endloop
endfacet
facet normal 0 0 0
outer loop
vertex 5.005229e+00 -6.754889e+00 2.084841e+01
vertex 6.647437e+00 -8.207024e+00 2.080927e+01
vertex 8.116846e+00 -5.794782e+00 2.082836e+01
endloop
endfacet
facet normal 0 0 0
outer loop
vertex 5.641793e+00 -9.109813e+00 1.761160e+01
vertex 3.872772e+00 -9.588239e+00 1.900962e+01
vertex 4.566051e+00 -7.640154e+00 1.800395e+01
endloop
endfacet
facet normal 0 0 0
outer loop
vertex 2.701059e+00 -7.341165e+00 1.931363e+01
vertex 1.658535e+00 -1.021205e+01 2.082745e+01
vertex 9.639067e-01 -8.241646e+00 2.085077e+01
endloop
endfacet
facet normal 0 0 0
outer loop
vertex 1.035615e+01 -1.392769e+01 1.927559e+01
vertex 8.234273e+00 -1.455492e+01 1.953799e+01
vertex 8.904039e+00 -1.589124e+01 1.892039e+01
endloop
endfacet
facet normal 0 0 0
outer loop
vertex 9.038518e+00 -1.693986e+01 1.845568e+01
vertex 7.424842e+00 -1.621292e+01 1.911429e+01
vertex 9.206606e+00 -1.384272e+01 1.689708e+01
endloop
endfacet
facet normal 0 0 0
outer loop
vertex 8.361023e+00 -5.768590e+00 1.501090e+01
vertex 7.539055e+00 -8.285511e+00 1.609535e+01
vertex 6.382442e+00 -6.879152e+00 1.655532e+01
endloop
endfacet
facet normal 0 0 0
outer loop
vertex 9.887664e+00 -1.664771e+01 1.779874e+01
vertex 1.032985e+01 -1.734361e+01 1.788877e+01
vertex 9.038518e+00 -1.693986e+01 1.845568e+01
endloop
endfacet
facet normal 0 0 0
outer loop
vertex 1.770803e+01 -1.732791e+01 1.404612e+01
vertex 1.601679e+01 -1.470046e+01 1.347813e+01
vertex 1.842510e+01 -1.531620e+01 1.267133e+01
endloop
endfacet
facet normal 0 0 0
outer loop
vertex 1.660767e+01 -1.558360e+01 1.594802e+01
vertex 1.548090e+01 -1.621544e+01 1.625773e+01
vertex 1.627845e+01 -1.762652e+01 1.487275e+01
endloop
endfacet
facet normal 0 0 0
outer loop
vertex 1.401319e+01 -1.629909e+01 1.528797e+01
vertex 1.393507e+01 -1.492966e+01 1.464471e+01
vertex 1.601679e+01 -1.470046e+01 1.347813e+01
endloop
endfacet
facet normal 0 0 0
outer loop
vertex 1.221109e+01 -1.351725e+01 1.495799e+01
vertex 1.349098e+01 -1.157770e+01 1.347379e+01
vertex 1.476475e+01 -1.310103e+01 1.339094e+01
endloop
endfacet
facet normal 0 0 0
outer loop
vertex 1.631881e+01 -8.192464e+00 1.091612e+01
vertex 1.704276e+01 -9.933888e+00 1.107209e+01
vertex 1.506185e+01 -1.039773e+01 1.222107e+01
endloop
endfacet
facet normal 0 0 0
outer loop
vertex 1.982117e+01 -1.047541e+01 9.998169e+00
vertex 1.704276e+01 -9.933888e+00 1.107209e+01
vertex 1.870372e+01 -9.070884e+00 1.002749e+01
endloop
endfacet
facet normal 0 0 0
outer loop
vertex 9.902520e+00 -1.051433e+01 1.520791e+01
vertex 8.974195e+00 -9.047882e+00 1.535216e+01
vertex 1.069489e+01 -9.038988e+00 1.427401e+01
endloop
endfacet
facet normal 0 0 0
outer loop
vertex 1.208156e+01 -1.579826e+00 1.221276e+01
vertex 1.299912e+01 -3.771905e-01 1.163513e+01
vertex 1.387877e+01 -2.336101e+00 1.122255e+01
endloop
endfacet
facet normal 0 0 0
outer loop
vertex 9.731427e+00 -5.074098e+00 1.401082e+01
vertex 8.361023e+00 -5.768590e+00 1.501090e+01
vertex 9.573943e+00 -3.258022e+00 1.387827e+01
endloop
endfacet
facet normal 0 0 0
outer loop
vertex 1.359916e+01 -4.642087e+00 1.163680e+01
vertex 1.227099e+01 -3.772159e+00 1.228366e+01
vertex 1.387877e+01 -2.336101e+00 1.122255e+01
endloop
endfacet
facet normal 0 0 0
outer loop
vertex 1.387877e+01 -2.336101e+00 1.122255e+01
vertex 1.227099e+01 -3.772159e+00 1.228366e+01
vertex 1.208156e+01 -1.579826e+00 1.221276e+01
endloop
endfacet
facet normal 0 0 0
outer loop
vertex 9.902520e+00 -1.051433e+01 1.520791e+01
vertex 1.069489e+01 -9.038988e+00 1.427401e+01
vertex 1.164938e+01 -1.110697e+01 1.434707e+01
endloop
endfacet
facet normal 0 0 0
outer loop
vertex 8.361023e+00 -5.768590e+00 1.501090e+01
vertex 7.279879e+00 -4.240109e+00 1.550459e+01
vertex 9.573943e+00 -3.258022e+00 1.387827e+01
endloop
endfacet
facet normal 0 0 0
outer loop
vertex 9.573943e+00 -3.258022e+00 1.387827e+01
vertex 7.279879e+00 -4.240109e+00 1.550459e+01
vertex 7.513147e+00 -2.008572e+00 1.513481e+01
endloop
endfacet
facet normal 0 0 0
outer loop
vertex 1.022991e+01 3.359353e+00 1.347600e+01
vertex 8.520288e+00 2.368684e+00 1.448649e+01
vertex 7.151146e+00 3.948860e+00 1.555363e+01
endloop
endfacet
facet normal 0 0 0
outer loop
vertex 1.222983e+01 5.626849e+00 1.258014e+01
vertex 1.531940e+01 6.575627e+00 1.104426e+01
vertex 1.581066e+01 5.170920e+00 1.052245e+01
endloop
endfacet
facet normal 0 0 0
outer loop
vertex 4.151288e+00 3.098593e+00 1.758454e+01
vertex 6.276103e+00 2.675974e+00 1.603036e+01
vertex 5.971749e+00 1.160538e+00 1.615797e+01
endloop
endfacet
facet normal 0 0 0
outer loop
vertex 1.603815e+01 1.242640e+00 1.961910e+01
vertex 1.712473e+01 -2.197747e-01 1.922585e+01
vertex 1.728902e+01 1.815111e+00 1.909951e+01
endloop
endfacet
facet normal 0 0 0
outer loop
vertex 5.948950e+00 -9.699494e-01 1.616872e+01
vertex 4.270968e+00 -1.724716e+00 1.739886e+01
vertex 2.891823e+00 8.682427e-01 1.839136e+01
endloop
endfacet
facet normal 0 0 0
outer loop
vertex 6.504415e+00 6.213641e+00 1.634428e+01
vertex 5.135517e+00 4.530702e+00 1.703741e+01
vertex 4.595798e+00 6.385851e+00 1.772431e+01
endloop
endfacet
facet normal 0 0 0
outer loop
vertex 1.531940e+01 6.575627e+00 1.104426e+01
vertex 1.222983e+01 5.626849e+00 1.258014e+01
vertex 1.381989e+01 7.676324e+00 1.210560e+01
endloop
endfacet
facet normal 0 0 0
outer loop
vertex 8.520288e+00 2.368684e+00 1.448649e+01
vertex 6.276103e+00 2.675974e+00 1.603036e+01
vertex 7.151146e+00 3.948860e+00 1.555363e+01
endloop
endfacet
facet normal 0 0 0
outer loop
vertex 7.513147e+00 -2.008572e+00 1.513481e+01
vertex 8.134262e+00 -3.144606e-02 1.465909e+01
vertex 9.639481e+00 -1.686783e+00 1.371846e+01
endloop
endfacet
facet normal 0 0 0
outer loop
vertex 1.022991e+01 3.359353e+00 1.347600e+01
vertex 1.045641e+01 1.412142e+00 1.319294e+01
vertex 8.520288e+00 2.368684e+00 1.448649e+01
endloop
endfacet
facet normal 0 0 0
outer loop
vertex 1.788302e+01 7.091939e+00 9.879781e+00
vertex 1.531940e+01 6.575627e+00 1.104426e+01
vertex 1.571671e+01 8.311943e+00 1.125464e+01
endloop
endfacet
facet normal 0 0 0
outer loop
vertex 1.636559e+01 1.471387e+01 1.331711e+01
vertex 1.712982e+01 1.711686e+01 1.418748e+01
vertex 1.881288e+01 1.661912e+01 1.317247e+01
endloop
endfacet
facet normal 0 0 0
outer loop
vertex 1.246197e+01 1.358123e+01 1.484486e+01
vertex 1.301256e+01 1.129852e+01 1.363912e+01
vertex 1.109234e+01 1.118536e+01 1.471223e+01
endloop
endfacet
facet normal 0 0 0
outer loop
vertex 1.731216e+01 5.497687e+00 9.827101e+00
vertex 1.531940e+01 6.575627e+00 1.104426e+01
vertex 1.788302e+01 7.091939e+00 9.879781e+00
endloop
endfacet
facet normal 0 0 0
outer loop
vertex 1.571671e+01 8.311943e+00 1.125464e+01
vertex 1.531940e+01 6.575627e+00 1.104426e+01
vertex 1.381989e+01 7.676324e+00 1.210560e+01
endloop
endfacet
facet normal 0 0 0
outer loop
vertex 1.531940e+01 6.575627e+00 1.104426e+01
vertex 1.731216e+01 5.497687e+00 9.827101e+00
vertex 1.581066e+01 5.170920e+00 1.052245e+01
endloop
endfacet
facet normal 0 0 0
outer loop
vertex 1.249665e+01 1.107093e+00 1.194631e+01
vertex 1.299912e+01 -3.771905e-01 1.163513e+01
vertex 1.068391e+01 -6.448438e-02 1.301941e+01
endloop
endfacet
facet normal 0 0 0
outer loop
vertex 8.134262e+00 -3.144606e-02 1.465909e+01
vertex 1.045641e+01 1.412142e+00 1.319294e+01
vertex 1.068391e+01 -6.448438e-02 1.301941e+01
endloop
endfacet
facet normal 0 0 0
outer loop
vertex 8.520288e+00 2.368684e+00 1.448649e+01
vertex 1.045641e+01 1.412142e+00 1.319294e+01
vertex 8.134262e+00 -3.144606e-02 1.465909e+01
endloop
endfacet
facet normal 0 0 0
outer loop
vertex 1.466045e+01 1.579742e+01 1.469580e+01
vertex 1.712982e+01 1.711686e+01 1.418748e+01
vertex 1.636559e+01 1.471387e+01 1.331711e+01
endloop
endfacet
facet normal 0 0 0
outer loop
vertex 1.427813e+01 1.702160e+00 1.096241e+01
vertex 1.468006e+01 3.399764e+00 1.088113e+01
vertex 1.648409e+01 2.317126e+00 9.834750e+00
endloop
endfacet
facet normal 0 0 0
outer loop
vertex 9.725003e+00 7.818810e+00 1.456086e+01
vertex 1.172860e+01 9.412204e+00 1.376440e+01
vertex 1.156137e+01 7.635881e+00 1.338963e+01
endloop
endfacet
facet normal 0 0 0
outer loop
vertex 1.246197e+01 1.358123e+01 1.484486e+01
vertex 1.422913e+01 1.190527e+01 1.319511e+01
vertex 1.301256e+01 1.129852e+01 1.363912e+01
endloop
endfacet
facet normal 0 0 0
outer loop
vertex 1.095158e+01 1.595591e+01 1.805682e+01
vertex 1.257614e+01 1.504537e+01 1.790675e+01
vertex 1.185738e+01 1.735182e+01 1.700780e+01
endloop
endfacet
facet normal 0 0 0
outer loop
vertex 6.140658e+00 1.520126e+01 1.948187e+01
vertex 8.058656e+00 1.444810e+01 1.941506e+01
vertex 7.294912e+00 1.588508e+01 1.903453e+01
endloop
endfacet
facet normal 0 0 0
outer loop
vertex 7.454763e+00 1.420251e+01 1.817695e+01
vertex 9.009128e+00 1.379077e+01 1.699629e+01
vertex 7.346745e+00 1.265163e+01 1.761128e+01
endloop
endfacet
facet normal 0 0 0
outer loop
vertex 2.903094e+00 5.211995e+00 1.877014e+01
vertex 2.293705e+00 7.184502e+00 1.958704e+01
vertex 4.595798e+00 6.385851e+00 1.772431e+01
endloop
endfacet
facet normal 0 0 0
outer loop
vertex 8.058656e+00 1.444810e+01 1.941506e+01
vertex 8.491728e+00 1.527150e+01 1.902487e+01
vertex 7.294912e+00 1.588508e+01 1.903453e+01
endloop
endfacet
facet normal 0 0 0
outer loop
vertex 3.157965e+00 8.846165e+00 1.933005e+01
vertex 5.003361e+00 1.042561e+01 1.844252e+01
vertex 4.824676e+00 8.215440e+00 1.795578e+01
endloop
endfacet
facet normal 0 0 0
outer loop
vertex 4.595798e+00 6.385851e+00 1.772431e+01
vertex 5.135517e+00 4.530702e+00 1.703741e+01
vertex 2.903094e+00 5.211995e+00 1.877014e+01
endloop
endfacet
facet normal 0 0 0
outer loop
vertex 1.537014e+01 7.339877e+00 1.922079e+01
vertex 1.697524e+01 6.599742e+00 1.868642e+01
vertex 1.637316e+01 8.172657e+00 1.863614e+01
endloop
endfacet
facet normal 0 0 0
outer loop
vertex 5.971749e+00 1.160538e+00 1.615797e+01
vertex 5.948950e+00 -9.699494e-01 1.616872e+01
vertex 2.891823e+00 8.682427e-01 1.839136e+01
endloop
endfacet
facet normal 0 0 0
outer loop
vertex 6.974916e+00 1.012518e+01 1.698663e+01
vertex 4.824676e+00 8.215440e+00 1.795578e+01
vertex 5.003361e+00 1.042561e+01 1.844252e+01
endloop
endfacet
facet normal 0 0 0
outer loop
vertex 1.512568e+01 1.533191e+01 1.660226e+01
vertex 1.673470e+01 1.367404e+01 1.655245e+01
vertex 1.656290e+01 1.538721e+01 1.573345e+01
endloop
endfacet
facet normal 0 0 0
outer loop
vertex 8.860456e+00 1.316387e+00 2.084481e+01
vertex 6.697124e+00 6.091720e+00 2.084822e+01
vertex 6.173377e+00 2.530319e+00 2.085061e+01
endloop
endfacet
facet normal 0 0 0
outer loop
vertex 1.547157e+01 3.131685e+00 1.971503e+01
vertex 1.603815e+01 1.242640e+00 1.961910e+01
vertex 1.644974e+01 3.521871e+00 1.932391e+01
endloop
endfacet
facet normal 0 0 0
outer loop
vertex 1.603815e+01 1.242640e+00 1.961910e+01
vertex 1.565082e+01 -1.027406e+00 1.977225e+01
vertex 1.712473e+01 -2.197747e-01 1.922585e+01
endloop
endfacet
facet normal 0 0 0
outer loop
vertex 1.008437e+01 1.407779e+01 1.909032e+01
vertex 1.108943e+01 1.236966e+01 1.937964e+01
vertex 1.142408e+01 1.350965e+01 1.891734e+01
endloop
endfacet
facet normal 0 0 0
outer loop
vertex 1.257614e+01 1.504537e+01 1.790675e+01
vertex 1.095158e+01 1.595591e+01 1.805682e+01
vertex 1.099811e+01 1.488882e+01 1.851661e+01
endloop
endfacet
facet normal 0 0 0
outer loop
vertex 9.180089e+00 1.529226e+01 1.756326e+01
vertex 7.454763e+00 1.420251e+01 1.817695e+01
vertex 8.431446e+00 1.641063e+01 1.856478e+01
endloop
endfacet
facet normal 0 0 0
outer loop
vertex 7.346745e+00 1.265163e+01 1.761128e+01
vertex 9.009128e+00 1.379077e+01 1.699629e+01
vertex 9.462539e+00 1.168136e+01 1.588244e+01
endloop
endfacet
facet normal 0 0 0
outer loop
vertex 9.550406e+00 1.574699e+01 1.856954e+01
vertex 8.431446e+00 1.641063e+01 1.856478e+01
vertex 8.491728e+00 1.527150e+01 1.902487e+01
endloop
endfacet
facet normal 0 0 0
outer loop
vertex 1.070771e+01 1.713164e+01 1.755254e+01
vertex 1.095158e+01 1.595591e+01 1.805682e+01
vertex 1.185738e+01 1.735182e+01 1.700780e+01
endloop
endfacet
facet normal 0 0 0
outer loop
vertex 1.008437e+01 1.407779e+01 1.909032e+01
vertex 9.550406e+00 1.574699e+01 1.856954e+01
vertex 8.491728e+00 1.527150e+01 1.902487e+01
endloop
endfacet
facet normal 0 0 0
outer loop
vertex 9.566833e+00 1.682781e+01 1.807278e+01
vertex 9.180089e+00 1.529226e+01 1.756326e+01
vertex 8.431446e+00 1.641063e+01 1.856478e+01
endloop
endfacet
facet normal 0 0 0
outer loop
vertex 9.566833e+00 1.682781e+01 1.807278e+01
vertex 1.095158e+01 1.595591e+01 1.805682e+01
vertex 1.070771e+01 1.713164e+01 1.755254e+01
endloop
endfacet
facet normal 0 0 0
outer loop
vertex 1.095158e+01 1.595591e+01 1.805682e+01
vertex 9.566833e+00 1.682781e+01 1.807278e+01
vertex 9.550406e+00 1.574699e+01 1.856954e+01
endloop
endfacet
facet normal 0 0 0
outer loop
vertex 1.423628e+01 1.749068e+01 1.580067e+01
vertex 1.491357e+01 1.682809e+01 1.583782e+01
vertex 1.559997e+01 1.738663e+01 1.506016e+01
endloop
endfacet
facet normal 0 0 0
outer loop
vertex 1.637316e+01 8.172657e+00 1.863614e+01
vertex 1.703605e+01 9.497918e+00 1.797770e+01
vertex 1.571947e+01 9.699620e+00 1.854445e+01
endloop
endfacet
facet normal 0 0 0
outer loop
vertex 1.544017e+01 1.101923e+01 1.827550e+01
vertex 1.556238e+01 1.236549e+01 1.774515e+01
vertex 1.413761e+01 1.169116e+01 1.860230e+01
endloop
endfacet
facet normal 0 0 0
outer loop
vertex 1.407072e+01 1.362733e+01 1.792025e+01
vertex 1.556238e+01 1.236549e+01 1.774515e+01
vertex 1.544161e+01 1.375676e+01 1.721987e+01
endloop
endfacet
facet normal 0 0 0
outer loop
vertex 1.108943e+01 1.236966e+01 1.937964e+01
vertex 1.008437e+01 1.407779e+01 1.909032e+01
vertex 9.985790e+00 1.247566e+01 1.961727e+01
endloop
endfacet
facet normal 0 0 0
outer loop
vertex 1.397851e+01 1.060273e+01 1.898823e+01
vertex 1.544017e+01 1.101923e+01 1.827550e+01
vertex 1.413761e+01 1.169116e+01 1.860230e+01
endloop
endfacet
facet normal 0 0 0
outer loop
vertex 1.537014e+01 7.339877e+00 1.922079e+01
vertex 1.484676e+01 6.226767e+00 1.958804e+01
vertex 1.605744e+01 5.487381e+00 1.925598e+01
endloop
endfacet
facet normal 0 0 0
outer loop
vertex 1.108943e+01 1.236966e+01 1.937964e+01
vertex 9.985790e+00 1.247566e+01 1.961727e+01
vertex 1.140396e+01 1.101377e+01 1.966384e+01
endloop
endfacet
facet normal 0 0 0
outer loop
vertex 1.387717e+01 -3.472383e-01 2.028166e+01
vertex 1.433310e+01 -2.035352e+00 2.014232e+01
vertex 1.490109e+01 -3.417069e-01 2.001199e+01
endloop
endfacet
facet normal 0 0 0
outer loop
vertex 1.158769e+01 7.160537e+00 2.031359e+01
vertex 1.242875e+01 5.525817e+00 2.032329e+01
vertex 1.387675e+01 6.055317e+00 1.991033e+01
endloop
endfacet
facet normal 0 0 0
outer loop
vertex 1.547157e+01 3.131685e+00 1.971503e+01
vertex 1.505120e+01 4.498158e+00 1.973203e+01
vertex 1.373062e+01 3.592899e+00 2.018722e+01
endloop
endfacet
facet normal 0 0 0
outer loop
vertex 5.345626e+00 8.290651e+00 2.082082e+01
vertex 4.047629e+00 1.039490e+01 2.072896e+01
vertex 1.268850e+00 9.215116e+00 2.084243e+01
endloop
endfacet
facet normal 0 0 0
outer loop
vertex 1.268850e+00 9.215116e+00 2.084243e+01
vertex 2.293705e+00 7.184502e+00 1.958704e+01
vertex 6.316115e-01 7.150194e+00 2.085078e+01
endloop
endfacet
facet normal 0 0 0
outer loop
vertex 1.631881e+01 -8.192464e+00 1.091612e+01
vertex 1.870372e+01 -9.070884e+00 1.002749e+01
vertex 1.704276e+01 -9.933888e+00 1.107209e+01
endloop
endfacet
facet normal 0 0 0
outer loop
vertex 2.465928e+01 3.897907e+00 1.342547e+01
vertex 2.512462e+01 4.795737e+00 1.265200e+01
vertex 2.421682e+01 6.093471e+00 1.339143e+01
endloop
endfacet
facet normal 0 0 0
outer loop
vertex 1.069489e+01 -9.038988e+00 1.427401e+01
vertex 9.232291e+00 -7.136843e+00 1.471671e+01
vertex 1.193128e+01 -7.693591e+00 1.318453e+01
endloop
endfacet
facet normal 0 0 0
outer loop
vertex 2.452131e+01 5.105525e+00 6.837801e+00
vertex 2.342047e+01 6.666001e+00 7.517109e+00
vertex 2.494586e+01 6.296794e+00 6.939668e+00
endloop
endfacet
facet normal 0 0 0
outer loop
vertex 5.081478e+00 6.785429e-01 2.085078e+01
vertex 8.210901e+00 -8.653685e-01 2.085048e+01
vertex 6.173377e+00 2.530319e+00 2.085061e+01
endloop
endfacet
facet normal 0 0 0
outer loop
vertex 9.985790e+00 1.247566e+01 1.961727e+01
vertex 1.008437e+01 1.407779e+01 1.909032e+01
vertex 8.058656e+00 1.444810e+01 1.941506e+01
endloop
endfacet
facet normal 0 0 0
outer loop
vertex 2.617709e+01 -6.805508e+00 6.702542e+00
vertex 2.764123e+01 -8.408462e+00 6.754380e+00
vertex 2.484078e+01 -8.850559e+00 7.644167e+00
endloop
endfacet
facet normal 0 0 0
outer loop
vertex 9.887664e+00 -1.664771e+01 1.779874e+01
vertex 1.105583e+01 -1.523752e+01 1.639458e+01
vertex 1.159731e+01 -1.761192e+01 1.730135e+01
endloop
endfacet
facet normal 0 0 0
outer loop
vertex 1.827944e+01 6.046791e+00 1.813967e+01
vertex 1.838700e+01 7.553819e+00 1.776390e+01
vertex 1.743957e+01 7.497344e+00 1.828132e+01
endloop
endfacet
facet normal 0 0 0
outer loop
vertex 2.764123e+01 -8.408462e+00 6.754380e+00
vertex 2.692658e+01 -9.871056e+00 7.398090e+00
vertex 2.484078e+01 -8.850559e+00 7.644167e+00
endloop
endfacet
facet normal 0 0 0
outer loop
vertex 5.003361e+00 1.042561e+01 1.844252e+01
vertex 2.906910e+00 1.221925e+01 2.054580e+01
vertex 5.431606e+00 1.266943e+01 1.891956e+01
endloop
endfacet
facet normal 0 0 0
outer loop
vertex 1.704276e+01 -9.933888e+00 1.107209e+01
vertex 1.982117e+01 -1.047541e+01 9.998169e+00
vertex 1.821755e+01 -1.161011e+01 1.111445e+01
endloop
endfacet
facet normal 0 0 0
outer loop
vertex 1.422913e+01 1.190527e+01 1.319511e+01
vertex 1.384682e+01 1.394692e+01 1.424262e+01
vertex 1.502466e+01 1.353275e+01 1.343934e+01
endloop
endfacet
facet normal 0 0 0
outer loop
vertex 1.035615e+01 -1.392769e+01 1.927559e+01
vertex 9.005342e+00 -1.322826e+01 1.978213e+01
vertex 8.234273e+00 -1.455492e+01 1.953799e+01
endloop
endfacet
facet normal 0 0 0
outer loop
vertex 1.816077e+00 -2.169331e-01 2.085078e+01
vertex 2.096081e+00 2.172629e+00 2.085078e+01
vertex -1.304690e-01 3.075104e+00 2.085078e+01
endloop
endfacet
facet normal 0 0 0
outer loop
vertex 1.023312e+01 -1.252149e+01 1.572142e+01
vertex 1.105583e+01 -1.523752e+01 1.639458e+01
vertex 9.206606e+00 -1.384272e+01 1.689708e+01
endloop
endfacet
facet normal 0 0 0
outer loop
vertex 8.361023e+00 -5.768590e+00 1.501090e+01
vertex 9.731427e+00 -5.074098e+00 1.401082e+01
vertex 9.232291e+00 -7.136843e+00 1.471671e+01
endloop
endfacet
facet normal 0 0 0
outer loop
vertex 1.284585e+01 1.017761e+01 1.946818e+01
vertex 1.259218e+01 1.215479e+01 1.900405e+01
vertex 1.140396e+01 1.101377e+01 1.966384e+01
endloop
endfacet
facet normal 0 0 0
outer loop
vertex 1.397851e+01 1.060273e+01 1.898823e+01
vertex 1.571947e+01 9.699620e+00 1.854445e+01
vertex 1.544017e+01 1.101923e+01 1.827550e+01
endloop
endfacet
facet normal 0 0 0
outer loop
vertex 1.397851e+01 1.060273e+01 1.898823e+01
vertex 1.473355e+01 9.022539e+00 1.911077e+01
vertex 1.571947e+01 9.699620e+00 1.854445e+01
endloop
endfacet
facet normal 0 0 0
outer loop
vertex 2.171009e+01 -9.731825e+00 1.489634e+01
vertex 2.102088e+01 -9.242525e+00 1.566247e+01
vertex 2.087423e+01 -1.123998e+01 1.500594e+01
endloop
endfacet
facet normal 0 0 0
outer loop
vertex 2.026062e+01 -1.185700e+01 1.033226e+01
vertex 1.982117e+01 -1.047541e+01 9.998169e+00
vertex 2.188264e+01 -1.090980e+01 9.338212e+00
endloop
endfacet
facet normal 0 0 0
outer loop
vertex 5.003361e+00 1.042561e+01 1.844252e+01
vertex 2.094349e+00 1.097485e+01 2.073178e+01
vertex 2.906910e+00 1.221925e+01 2.054580e+01
endloop
endfacet
facet normal 0 0 0
outer loop
vertex 2.249965e+01 -4.529817e+00 1.559920e+01
vertex 2.273735e+01 -3.063568e+00 1.558722e+01
vertex 2.172157e+01 -3.791934e+00 1.634779e+01
endloop
endfacet
facet normal 0 0 0
outer loop
vertex 1.221109e+01 -1.351725e+01 1.495799e+01
vertex 1.393507e+01 -1.492966e+01 1.464471e+01
vertex 1.105583e+01 -1.523752e+01 1.639458e+01
endloop
endfacet
facet normal 0 0 0
outer loop
vertex 2.385620e+01 -1.042241e+01 1.230067e+01
vertex 2.326995e+01 -9.752593e+00 1.332281e+01
vertex 2.273564e+01 -1.135178e+01 1.313624e+01
endloop
endfacet
facet normal 0 0 0
outer loop
vertex 2.273564e+01 -1.135178e+01 1.313624e+01
vertex 2.326995e+01 -9.752593e+00 1.332281e+01
vertex 2.237000e+01 -1.051064e+01 1.393995e+01
endloop
endfacet
facet normal 0 0 0
outer loop
vertex 2.279507e+01 -9.183855e+00 1.406958e+01
vertex 2.326995e+01 -9.752593e+00 1.332281e+01
vertex 2.333000e+01 -8.075447e+00 1.392683e+01
endloop
endfacet
facet normal 0 0 0
outer loop
vertex 2.026062e+01 -1.185700e+01 1.033226e+01
vertex 1.821755e+01 -1.161011e+01 1.111445e+01
vertex 1.982117e+01 -1.047541e+01 9.998169e+00
endloop
endfacet
facet normal 0 0 0
outer loop
vertex 2.310567e+01 -3.610890e+00 7.090126e+00
vertex 2.455737e+01 -2.080219e+00 6.452168e+00
vertex 2.448071e+01 -4.274903e+00 6.714954e+00
endloop
endfacet
facet normal 0 0 0
outer loop
vertex 2.151781e+01 1.233587e+01 1.003781e+01
vertex 2.041444e+01 1.070439e+01 9.833929e+00
vertex 2.003782e+01 1.282574e+01 1.082325e+01
endloop
endfacet
facet normal 0 0 0
outer loop
vertex 2.307262e+01 1.150751e+01 9.145659e+00
vertex 2.151781e+01 1.233587e+01 1.003781e+01
vertex 2.320418e+01 1.406289e+01 1.020623e+01
endloop
endfacet
facet normal 0 0 0
outer loop
vertex 1.559997e+01 1.738663e+01 1.506016e+01
vertex 1.491357e+01 1.682809e+01 1.583782e+01
vertex 1.656290e+01 1.538721e+01 1.573345e+01
endloop
endfacet
facet normal 0 0 0
outer loop
vertex 2.196622e+01 8.431149e-01 1.634920e+01
vertex 2.236040e+01 2.298635e+00 1.592925e+01
vertex 2.130060e+01 2.320921e+00 1.675916e+01
endloop
endfacet
facet normal 0 0 0
outer loop
vertex 2.449606e+01 -2.450660e+00 1.390965e+01
vertex 2.540658e+01 -1.691642e+00 1.289238e+01
vertex 2.480822e+01 -5.276324e-01 1.366076e+01
endloop
endfacet
facet normal 0 0 0
outer loop
vertex -6.475174e-02 -3.600676e+00 2.085078e+01
vertex 1.816077e+00 -2.169331e-01 2.085078e+01
vertex -2.624041e-01 -1.556290e+00 2.085078e+01
endloop
endfacet
facet normal 0 0 0
outer loop
vertex 1.528038e+01 -7.414093e+00 1.934752e+01
vertex 1.603368e+01 -8.555814e+00 1.883340e+01
vertex 1.640799e+01 -6.636426e+00 1.903326e+01
endloop
endfacet
facet normal 0 0 0
outer loop
vertex -2.624041e-01 -1.556290e+00 2.085078e+01
vertex 1.816077e+00 -2.169331e-01 2.085078e+01
vertex -3.047553e-01 1.780338e-01 2.085078e+01
endloop
endfacet
facet normal 0 0 0
outer loop
vertex 1.764267e+01 -3.454787e+00 9.368060e+00
vertex 1.981209e+01 -3.692553e+00 8.403460e+00
vertex 1.851205e+01 -4.913162e+00 9.160335e+00
endloop
endfacet
facet normal 0 0 0
outer loop
vertex 1.926297e+01 1.178843e+01 1.576816e+01
vertex 1.816754e+01 1.137447e+01 1.668918e+01
vertex 1.931156e+01 1.036743e+01 1.632349e+01
endloop
endfacet
facet normal 0 0 0
outer loop
vertex 2.605610e+01 7.418220e+00 6.888001e+00
vertex 2.765088e+01 7.945508e+00 6.614623e+00
vertex 2.662105e+01 5.806707e+00 6.362383e+00
endloop
endfacet
facet normal 0 0 0
outer loop
vertex 1.528038e+01 -7.414093e+00 1.934752e+01
vertex 1.417931e+01 -8.747108e+00 1.948923e+01
vertex 1.603368e+01 -8.555814e+00 1.883340e+01
endloop
endfacet
facet normal 0 0 0
outer loop
vertex 2.343082e+01 -6.880064e-01 6.738183e+00
vertex 2.273961e+01 -2.153560e+00 7.080017e+00
vertex 2.087874e+01 -2.249808e-01 7.722703e+00
endloop
endfacet
facet normal 0 0 0
outer loop
vertex 2.611897e+01 8.674763e+00 9.523069e+00
vertex 2.665742e+01 9.082712e+00 8.147655e+00
vertex 2.557559e+01 1.041677e+01 9.310103e+00
endloop
endfacet
facet normal 0 0 0
outer loop
vertex 1.605744e+01 5.487381e+00 1.925598e+01
vertex 1.505120e+01 4.498158e+00 1.973203e+01
vertex 1.644974e+01 3.521871e+00 1.932391e+01
endloop
endfacet
facet normal 0 0 0
outer loop
vertex 2.482308e+01 -3.365097e+00 1.342609e+01
vertex 2.540658e+01 -1.691642e+00 1.289238e+01
vertex 2.449606e+01 -2.450660e+00 1.390965e+01
endloop
endfacet
facet normal 0 0 0
outer loop
vertex 2.068909e+01 -1.615633e+01 1.216818e+01
vertex 2.160780e+01 -1.562748e+01 1.154458e+01
vertex 2.055206e+01 -1.542383e+01 1.287755e+01
endloop
endfacet
facet normal 0 0 0
outer loop
vertex 1.931156e+01 1.036743e+01 1.632349e+01
vertex 1.816754e+01 1.137447e+01 1.668918e+01
vertex 1.816770e+01 9.785580e+00 1.726377e+01
endloop
endfacet
facet normal 0 0 0
outer loop
vertex 5.971749e+00 1.160538e+00 1.615797e+01
vertex 8.520288e+00 2.368684e+00 1.448649e+01
vertex 8.134262e+00 -3.144606e-02 1.465909e+01
endloop
endfacet
facet normal 0 0 0
outer loop
vertex 2.453508e+01 1.527711e+00 1.389518e+01
vertex 2.538613e+01 2.215102e-01 1.295672e+01
vertex 2.530180e+01 1.752721e+00 1.296588e+01
endloop
endfacet
facet normal 0 0 0
outer loop
vertex 2.241771e+01 1.018480e+01 1.376215e+01
vertex 2.327448e+01 1.042045e+01 1.269374e+01
vertex 2.187783e+01 1.139514e+01 1.369740e+01
endloop
endfacet
facet normal 0 0 0
outer loop
vertex 6.001358e+00 -1.536692e+01 1.965265e+01
vertex 6.710572e+00 -1.294316e+01 1.815069e+01
vertex 9.206606e+00 -1.384272e+01 1.689708e+01
endloop
endfacet
facet normal 0 0 0
outer loop
vertex 6.001358e+00 -1.536692e+01 1.965265e+01
vertex 9.206606e+00 -1.384272e+01 1.689708e+01
vertex 7.424842e+00 -1.621292e+01 1.911429e+01
endloop
endfacet
facet normal 0 0 0
outer loop
vertex 9.985790e+00 1.247566e+01 1.961727e+01
vertex 9.649261e+00 1.107670e+01 2.003609e+01
vertex 1.140396e+01 1.101377e+01 1.966384e+01
endloop
endfacet
facet normal 0 0 0
outer loop
vertex 2.652225e+00 5.916994e+00 2.085072e+01
vertex 6.316115e-01 7.150194e+00 2.085078e+01
vertex 1.779632e-01 5.175777e+00 2.085078e+01
endloop
endfacet
facet normal 0 0 0
outer loop
vertex 1.140396e+01 1.101377e+01 1.966384e+01
vertex 1.168220e+01 9.283962e+00 1.996873e+01
vertex 1.284585e+01 1.017761e+01 1.946818e+01
endloop
endfacet
facet normal 0 0 0
outer loop
vertex 1.501904e+01 -6.309523e+00 1.960204e+01
vertex 1.632851e+01 -5.272912e+00 1.925407e+01
vertex 1.512733e+01 -3.463266e+00 1.984336e+01
endloop
endfacet
facet normal 0 0 0
outer loop
vertex 1.775412e+01 9.556633e-01 9.132680e+00
vertex 1.574055e+01 6.864974e-01 1.013378e+01
vertex 1.648409e+01 2.317126e+00 9.834750e+00
endloop
endfacet
facet normal 0 0 0
outer loop
vertex 1.601679e+01 -1.470046e+01 1.347813e+01
vertex 1.731801e+01 -1.349768e+01 1.230630e+01
vertex 1.842510e+01 -1.531620e+01 1.267133e+01
endloop
endfacet
facet normal 0 0 0
outer loop
vertex 2.585990e+01 -4.673905e-01 1.234453e+01
vertex 2.538613e+01 2.215102e-01 1.295672e+01
vertex 2.480822e+01 -5.276324e-01 1.366076e+01
endloop
endfacet
facet normal 0 0 0
outer loop
vertex 8.330298e+00 9.250272e+00 1.582743e+01
vertex 4.824676e+00 8.215440e+00 1.795578e+01
vertex 6.974916e+00 1.012518e+01 1.698663e+01
endloop
endfacet
facet normal 0 0 0
outer loop
vertex 1.956929e+01 -1.103957e+01 1.611588e+01
vertex 2.003627e+01 -9.276768e+00 1.640053e+01
vertex 1.905025e+01 -9.778723e+00 1.691504e+01
endloop
endfacet
facet normal 0 0 0
outer loop
vertex 2.003627e+01 -9.276768e+00 1.640053e+01
vertex 1.956929e+01 -1.103957e+01 1.611588e+01
vertex 2.102088e+01 -9.242525e+00 1.566247e+01
endloop
endfacet
facet normal 0 0 0
outer loop
vertex 1.038200e+01 -1.664595e+01 1.820339e+01
vertex 1.216165e+01 -1.590171e+01 1.794501e+01
vertex 1.050946e+01 -1.554150e+01 1.864445e+01
endloop
endfacet
facet normal 0 0 0
outer loop
vertex 1.038200e+01 -1.664595e+01 1.820339e+01
vertex 1.050946e+01 -1.554150e+01 1.864445e+01
vertex 8.904039e+00 -1.589124e+01 1.892039e+01
endloop
endfacet
facet normal 0 0 0
outer loop
vertex 1.038200e+01 -1.664595e+01 1.820339e+01
vertex 1.159731e+01 -1.761192e+01 1.730135e+01
vertex 1.216165e+01 -1.590171e+01 1.794501e+01
endloop
endfacet
facet normal 0 0 0
outer loop
vertex 1.712473e+01 -2.197747e-01 1.922585e+01
vertex 1.834545e+01 8.183846e-01 1.865022e+01
vertex 1.728902e+01 1.815111e+00 1.909951e+01
endloop
endfacet
facet normal 0 0 0
outer loop
vertex 1.834545e+01 8.183846e-01 1.865022e+01
vertex 1.817823e+01 -5.354784e-01 1.874731e+01
vertex 1.926054e+01 -9.784433e-02 1.818113e+01
endloop
endfacet
facet normal 0 0 0
outer loop
vertex 1.817823e+01 -5.354784e-01 1.874731e+01
vertex 1.834545e+01 8.183846e-01 1.865022e+01
vertex 1.712473e+01 -2.197747e-01 1.922585e+01
endloop
endfacet
facet normal 0 0 0
outer loop
vertex 1.528038e+01 -7.414093e+00 1.934752e+01
vertex 1.364251e+01 -7.355673e+00 1.988260e+01
vertex 1.417931e+01 -8.747108e+00 1.948923e+01
endloop
endfacet
facet normal 0 0 0
outer loop
vertex 1.926054e+01 -9.784433e-02 1.818113e+01
vertex 2.025082e+01 -1.133992e+00 1.758274e+01
vertex 2.052788e+01 8.647596e-01 1.738950e+01
endloop
endfacet
facet normal 0 0 0
outer loop
vertex 6.985220e+00 -1.024643e+01 2.063078e+01
vertex 9.382337e+00 -7.178504e+00 2.069411e+01
vertex 6.647437e+00 -8.207024e+00 2.080927e+01
endloop
endfacet
facet normal 0 0 0
outer loop
vertex 2.333969e+01 1.254375e+00 1.514089e+01
vertex 2.400594e+01 -1.016030e-01 1.453306e+01
vertex 2.453508e+01 1.527711e+00 1.389518e+01
endloop
endfacet
facet normal 0 0 0
outer loop
vertex 4.982958e+00 1.436016e+01 1.990172e+01
vertex 6.140658e+00 1.520126e+01 1.948187e+01
vertex 7.454763e+00 1.420251e+01 1.817695e+01
endloop
endfacet
facet normal 0 0 0
outer loop
vertex 1.683997e+01 1.251459e+01 1.701420e+01
vertex 1.809255e+01 1.291981e+01 1.605928e+01
vertex 1.673470e+01 1.367404e+01 1.655245e+01
endloop
endfacet
facet normal 0 0 0
outer loop
vertex 1.401319e+01 -1.629909e+01 1.528797e+01
vertex 1.601679e+01 -1.470046e+01 1.347813e+01
vertex 1.627845e+01 -1.762652e+01 1.487275e+01
endloop
endfacet
facet normal 0 0 0
outer loop
vertex 1.627845e+01 -1.762652e+01 1.487275e+01
vertex 1.457244e+01 -1.780820e+01 1.580929e+01
vertex 1.401319e+01 -1.629909e+01 1.528797e+01
endloop
endfacet
facet normal 0 0 0
outer loop
vertex 7.917242e+00 7.146181e+00 2.077225e+01
vertex 9.120306e+00 4.778844e+00 2.080155e+01
vertex 9.742075e+00 5.956146e+00 2.069841e+01
endloop
endfacet
facet normal 0 0 0
outer loop
vertex 1.004679e+01 9.916445e+00 1.493199e+01
vertex 8.330298e+00 9.250272e+00 1.582743e+01
vertex 9.462539e+00 1.168136e+01 1.588244e+01
endloop
endfacet
facet normal 0 0 0
outer loop
vertex 9.639067e-01 -8.241646e+00 2.085077e+01
vertex 2.836698e-01 -5.715882e+00 2.085078e+01
vertex 2.091167e+00 -5.446264e+00 1.941819e+01
endloop
endfacet
facet normal 0 0 0
outer loop
vertex -3.047553e-01 1.780338e-01 2.085078e+01
vertex 1.816077e+00 -2.169331e-01 2.085078e+01
vertex -1.304690e-01 3.075104e+00 2.085078e+01
endloop
endfacet
facet normal 0 0 0
outer loop
vertex 1.747197e+01 9.305968e+00 1.066707e+01
vertex 1.630847e+01 1.112936e+01 1.184087e+01
vertex 1.873722e+01 1.091937e+01 1.062401e+01
endloop
endfacet
facet normal 0 0 0
outer loop
vertex 9.038518e+00 -1.693986e+01 1.845568e+01
vertex 8.904039e+00 -1.589124e+01 1.892039e+01
vertex 7.424842e+00 -1.621292e+01 1.911429e+01
endloop
endfacet
facet normal 0 0 0
outer loop
vertex 2.339980e+01 -1.200860e+01 1.196701e+01
vertex 2.286817e+01 -1.363366e+01 1.152379e+01
vertex 2.375870e+01 -1.283468e+01 1.090650e+01
endloop
endfacet
facet normal 0 0 0
outer loop
vertex 2.259418e+01 -1.255477e+01 1.260531e+01
vertex 2.171362e+01 -1.413086e+01 1.256015e+01
vertex 2.286817e+01 -1.363366e+01 1.152379e+01
endloop
endfacet
facet normal 0 0 0
outer loop
vertex 1.032985e+01 -1.734361e+01 1.788877e+01
vertex 1.159731e+01 -1.761192e+01 1.730135e+01
vertex 1.038200e+01 -1.664595e+01 1.820339e+01
endloop
endfacet
facet normal 0 0 0
outer loop
vertex 1.159731e+01 -1.761192e+01 1.730135e+01
vertex 1.343119e+01 -1.576584e+01 1.750377e+01
vertex 1.216165e+01 -1.590171e+01 1.794501e+01
endloop
endfacet
facet normal 0 0 0
outer loop
vertex 9.038518e+00 -1.693986e+01 1.845568e+01
vertex 1.032985e+01 -1.734361e+01 1.788877e+01
vertex 1.038200e+01 -1.664595e+01 1.820339e+01
endloop
endfacet
facet normal 0 0 0
outer loop
vertex 9.232291e+00 -7.136843e+00 1.471671e+01
vertex 7.539055e+00 -8.285511e+00 1.609535e+01
vertex 8.361023e+00 -5.768590e+00 1.501090e+01
endloop
endfacet
facet normal 0 0 0
outer loop
vertex 1.899816e+01 -5.450331e+00 1.794539e+01
vertex 2.042443e+01 -4.154664e+00 1.724200e+01
vertex 1.923166e+01 -3.568405e+00 1.804620e+01
endloop
endfacet
facet normal 0 0 0
outer loop
vertex 4.624316e+00 -9.270409e+00 2.082424e+01
vertex 2.454809e+00 -1.173145e+01 2.071132e+01
vertex 5.426980e+00 -1.030173e+01 2.072889e+01
endloop
endfacet
facet normal 0 0 0
outer loop
vertex 2.326995e+01 -9.752593e+00 1.332281e+01
vertex 2.394140e+01 -8.994274e+00 1.288048e+01
vertex 2.333000e+01 -8.075447e+00 1.392683e+01
endloop
endfacet
facet normal 0 0 0
outer loop
vertex 1.459899e+01 -1.271239e+01 1.827829e+01
vertex 1.500073e+01 -1.149707e+01 1.850833e+01
vertex 1.378668e+01 -1.195930e+01 1.883962e+01
endloop
endfacet
facet normal 0 0 0
outer loop
vertex 2.227028e+01 1.406554e+00 7.211314e+00
vertex 2.343082e+01 -6.880064e-01 6.738183e+00
vertex 2.087874e+01 -2.249808e-01 7.722703e+00
endloop
endfacet
facet normal 0 0 0
outer loop
vertex 2.424689e+01 3.637462e+00 6.704157e+00
vertex 2.620354e+01 2.629894e+00 6.003398e+00
vertex 2.378929e+01 2.231422e+00 6.716690e+00
endloop
endfacet
facet normal 0 0 0
outer loop
vertex 1.046523e+01 -9.574717e-01 2.079347e+01
vertex 1.192509e+01 3.940558e-01 2.064584e+01
vertex 1.058419e+01 1.706823e+00 2.077530e+01
endloop
endfacet
facet normal 0 0 0
outer loop
vertex 8.860456e+00 1.316387e+00 2.084481e+01
vertex 1.046523e+01 -9.574717e-01 2.079347e+01
vertex 1.058419e+01 1.706823e+00 2.077530e+01
endloop
endfacet
facet normal 0 0 0
outer loop
vertex 1.873722e+01 1.091937e+01 1.062401e+01
vertex 1.988185e+01 9.335984e+00 9.595285e+00
vertex 1.747197e+01 9.305968e+00 1.066707e+01
endloop
endfacet
facet normal 0 0 0
outer loop
vertex 2.052788e+01 8.647596e-01 1.738950e+01
vertex 2.025082e+01 -1.133992e+00 1.758274e+01
vertex 2.112190e+01 -8.267972e-01 1.700037e+01
endloop
endfacet
facet normal 0 0 0
outer loop
vertex 1.401319e+01 -1.629909e+01 1.528797e+01
vertex 1.159731e+01 -1.761192e+01 1.730135e+01
vertex 1.105583e+01 -1.523752e+01 1.639458e+01
endloop
endfacet
facet normal 0 0 0
outer loop
vertex 1.427813e+01 1.702160e+00 1.096241e+01
vertex 1.648409e+01 2.317126e+00 9.834750e+00
vertex 1.574055e+01 6.864974e-01 1.013378e+01
endloop
endfacet
facet normal 0 0 0
outer loop
vertex 1.893893e+01 -1.617683e+01 1.384474e+01
vertex 1.923409e+01 -1.681446e+01 1.310855e+01
vertex 2.055206e+01 -1.542383e+01 1.287755e+01
endloop
endfacet
facet normal 0 0 0
outer loop
vertex 3.160559e+00 -3.207413e+00 1.832931e+01
vertex 5.390332e+00 -4.953066e+00 1.691509e+01
vertex 3.652540e+00 -5.295848e+00 1.822558e+01
endloop
endfacet
facet normal 0 0 0
outer loop
vertex 1.473355e+01 9.022539e+00 1.911077e+01
vertex 1.537014e+01 7.339877e+00 1.922079e+01
vertex 1.637316e+01 8.172657e+00 1.863614e+01
endloop
endfacet
facet normal 0 0 0
outer loop
vertex 1.049190e+01 -8.549528e+00 2.041230e+01
vertex 1.090568e+01 -6.390598e+00 2.056816e+01
vertex 9.382337e+00 -7.178504e+00 2.069411e+01
endloop
endfacet
facet normal 0 0 0
outer loop
vertex 1.473355e+01 9.022539e+00 1.911077e+01
vertex 1.284585e+01 1.017761e+01 1.946818e+01
vertex 1.342478e+01 8.383027e+00 1.967730e+01
endloop
endfacet
facet normal 0 0 0
outer loop
vertex 1.284585e+01 1.017761e+01 1.946818e+01
vertex 1.473355e+01 9.022539e+00 1.911077e+01
vertex 1.397851e+01 1.060273e+01 1.898823e+01
endloop
endfacet
facet normal 0 0 0
outer loop
vertex 1.473355e+01 9.022539e+00 1.911077e+01
vertex 1.342478e+01 8.383027e+00 1.967730e+01
vertex 1.537014e+01 7.339877e+00 1.922079e+01
endloop
endfacet
facet normal 0 0 0
outer loop
vertex 2.187783e+01 1.139514e+01 1.369740e+01
vertex 2.076840e+01 1.245950e+01 1.418736e+01
vertex 2.028517e+01 1.166421e+01 1.502512e+01
endloop
endfacet
facet normal 0 0 0
outer loop
vertex 1.239530e+01 7.400308e+00 2.011122e+01
vertex 1.342478e+01 8.383027e+00 1.967730e+01
vertex 1.168220e+01 9.283962e+00 1.996873e+01
endloop
endfacet
facet normal 0 0 0
outer loop
vertex 2.343082e+01 -6.880064e-01 6.738183e+00
vertex 2.460607e+01 4.214195e-01 6.364843e+00
vertex 2.455737e+01 -2.080219e+00 6.452168e+00
endloop
endfacet
facet normal 0 0 0
outer loop
vertex 2.529272e+01 9.652531e+00 1.033974e+01
vertex 2.457187e+01 1.125206e+01 1.040257e+01
vertex 2.428255e+01 1.044852e+01 1.137132e+01
endloop
endfacet
facet normal 0 0 0
outer loop
vertex 2.457187e+01 1.125206e+01 1.040257e+01
vertex 2.529272e+01 9.652531e+00 1.033974e+01
vertex 2.557559e+01 1.041677e+01 9.310103e+00
endloop
endfacet
facet normal 0 0 0
outer loop
vertex 2.836698e-01 -5.715882e+00 2.085078e+01
vertex 9.639067e-01 -8.241646e+00 2.085077e+01
vertex 2.280238e+00 -6.623729e+00 2.085075e+01
endloop
endfacet
facet normal 0 0 0
outer loop
vertex 8.234273e+00 -1.455492e+01 1.953799e+01
vertex 7.424842e+00 -1.621292e+01 1.911429e+01
vertex 8.904039e+00 -1.589124e+01 1.892039e+01
endloop
endfacet
facet normal 0 0 0
outer loop
vertex 2.872397e+01 2.138778e+00 6.628442e+00
vertex 2.835404e+01 7.824453e-01 7.846961e+00
vertex 2.883863e+01 7.146270e-01 6.534423e+00
endloop
endfacet
facet normal 0 0 0
outer loop
vertex 2.926345e+01 3.100366e-01 5.155576e+00
vertex 2.916958e+01 1.879586e+00 5.229785e+00
vertex 2.883863e+01 7.146270e-01 6.534423e+00
endloop
endfacet
facet normal 0 0 0
outer loop
vertex 2.453508e+01 1.527711e+00 1.389518e+01
vertex 2.400594e+01 -1.016030e-01 1.453306e+01
vertex 2.480822e+01 -5.276324e-01 1.366076e+01
endloop
endfacet
facet normal 0 0 0
outer loop
vertex 2.055206e+01 -1.542383e+01 1.287755e+01
vertex 2.171362e+01 -1.413086e+01 1.256015e+01
vertex 2.061469e+01 -1.458348e+01 1.340563e+01
endloop
endfacet
facet normal 0 0 0
outer loop
vertex 2.153826e+01 -1.302320e+01 1.346766e+01
vertex 2.061469e+01 -1.458348e+01 1.340563e+01
vertex 2.171362e+01 -1.413086e+01 1.256015e+01
endloop
endfacet
facet normal 0 0 0
outer loop
vertex 5.971749e+00 1.160538e+00 1.615797e+01
vertex 6.276103e+00 2.675974e+00 1.603036e+01
vertex 8.520288e+00 2.368684e+00 1.448649e+01
endloop
endfacet
facet normal 0 0 0
outer loop
vertex 1.697012e+01 1.286229e+01 1.219634e+01
vertex 2.003782e+01 1.282574e+01 1.082325e+01
vertex 1.873722e+01 1.091937e+01 1.062401e+01
endloop
endfacet
facet normal 0 0 0
outer loop
vertex 1.899064e+01 -1.364010e+01 1.536179e+01
vertex 1.767933e+01 -1.349706e+01 1.634459e+01
vertex 1.796873e+01 -1.512839e+01 1.529056e+01
endloop
endfacet
facet normal 0 0 0
outer loop
vertex 2.639219e+01 -9.732064e+00 8.694738e+00
vertex 2.614943e+01 -1.117146e+01 8.072318e+00
vertex 2.692658e+01 -9.871056e+00 7.398090e+00
endloop
endfacet
facet normal 0 0 0
outer loop
vertex 2.559612e+01 -1.085593e+01 9.399693e+00
vertex 2.614943e+01 -1.117146e+01 8.072318e+00
vertex 2.639219e+01 -9.732064e+00 8.694738e+00
endloop
endfacet
facet normal 0 0 0
outer loop
vertex 1.337951e+01 -9.870102e+00 1.295690e+01
vertex 1.069489e+01 -9.038988e+00 1.427401e+01
vertex 1.193128e+01 -7.693591e+00 1.318453e+01
endloop
endfacet
facet normal 0 0 0
outer loop
vertex 1.303583e+01 1.746258e+01 1.642066e+01
vertex 1.243459e+01 1.585545e+01 1.591700e+01
vertex 1.185738e+01 1.735182e+01 1.700780e+01
endloop
endfacet
facet normal 0 0 0
outer loop
vertex 2.102088e+01 -9.242525e+00 1.566247e+01
vertex 2.177639e+01 -7.193653e+00 1.565816e+01
vertex 2.080482e+01 -7.815234e+00 1.626225e+01
endloop
endfacet
facet normal 0 0 0
outer loop
vertex 1.337951e+01 -9.870102e+00 1.295690e+01
vertex 1.164938e+01 -1.110697e+01 1.434707e+01
vertex 1.069489e+01 -9.038988e+00 1.427401e+01
endloop
endfacet
facet normal 0 0 0
outer loop
vertex 1.785076e+01 -3.671721e+00 1.875781e+01
vertex 1.798928e+01 -5.161216e+00 1.852620e+01
vertex 1.923166e+01 -3.568405e+00 1.804620e+01
endloop
endfacet
facet normal 0 0 0
outer loop
vertex 1.321245e+01 -3.681996e+00 2.033918e+01
vertex 1.153457e+01 -2.715055e+00 2.066677e+01
vertex 1.193922e+01 -4.548605e+00 2.053520e+01
endloop
endfacet
facet normal 0 0 0
outer loop
vertex 1.097217e+01 5.773765e+00 2.054576e+01
vertex 1.242875e+01 5.525817e+00 2.032329e+01
vertex 1.158769e+01 7.160537e+00 2.031359e+01
endloop
endfacet
facet normal 0 0 0
outer loop
vertex 1.359916e+01 -4.642087e+00 1.163680e+01
vertex 1.653785e+01 -4.671530e+00 1.007388e+01
vertex 1.540799e+01 -6.145106e+00 1.091105e+01
endloop
endfacet
facet normal 0 0 0
outer loop
vertex 1.653785e+01 -4.671530e+00 1.007388e+01
vertex 1.359916e+01 -4.642087e+00 1.163680e+01
vertex 1.581807e+01 -3.029356e+00 1.023671e+01
endloop
endfacet
facet normal 0 0 0
outer loop
vertex 1.616739e+01 -1.441384e+01 1.681053e+01
vertex 1.583512e+01 -1.288415e+01 1.764573e+01
vertex 1.472757e+01 -1.392202e+01 1.775649e+01
endloop
endfacet
facet normal 0 0 0
outer loop
vertex 1.728902e+01 1.815111e+00 1.909951e+01
vertex 1.834545e+01 8.183846e-01 1.865022e+01
vertex 1.857167e+01 2.466960e+00 1.844680e+01
endloop
endfacet
facet normal 0 0 0
outer loop
vertex 1.949489e+01 4.049155e+00 8.587094e+00
vertex 1.961336e+01 5.826235e+00 8.827628e+00
vertex 2.118600e+01 4.745710e+00 7.975320e+00
endloop
endfacet
facet normal 0 0 0
outer loop
vertex 1.158769e+01 7.160537e+00 2.031359e+01
vertex 9.969271e+00 7.759440e+00 2.051579e+01
vertex 1.097217e+01 5.773765e+00 2.054576e+01
endloop
endfacet
facet normal 0 0 0
outer loop
vertex 1.097217e+01 5.773765e+00 2.054576e+01
vertex 9.969271e+00 7.759440e+00 2.051579e+01
vertex 9.742075e+00 5.956146e+00 2.069841e+01
endloop
endfacet
facet normal 0 0 0
outer loop
vertex 2.708737e+01 -5.236215e+00 9.669372e+00
vertex 2.785703e+01 -3.831120e+00 8.535914e+00
vertex 2.714325e+01 -3.519089e+00 1.003900e+01
endloop
endfacet
facet normal 0 0 0
outer loop
vertex 2.280238e+00 -6.623729e+00 2.085075e+01
vertex 3.593390e+00 -4.848350e+00 2.085078e+01
vertex 2.576113e+00 -2.692827e+00 2.085078e+01
endloop
endfacet
facet normal 0 0 0
outer loop
vertex 2.003782e+01 1.282574e+01 1.082325e+01
vertex 1.697012e+01 1.286229e+01 1.219634e+01
vertex 1.895034e+01 1.435321e+01 1.196915e+01
endloop
endfacet
facet normal 0 0 0
outer loop
vertex 1.796873e+01 -1.512839e+01 1.529056e+01
vertex 1.743143e+01 -1.653272e+01 1.480475e+01
vertex 1.866422e+01 -1.549774e+01 1.453824e+01
endloop
endfacet
facet normal 0 0 0
outer loop
vertex 1.743143e+01 -1.653272e+01 1.480475e+01
vertex 1.796873e+01 -1.512839e+01 1.529056e+01
vertex 1.660767e+01 -1.558360e+01 1.594802e+01
endloop
endfacet
facet normal 0 0 0
outer loop
vertex 3.357418e+00 3.680292e+00 2.085075e+01
vertex 5.345626e+00 8.290651e+00 2.082082e+01
vertex 2.652225e+00 5.916994e+00 2.085072e+01
endloop
endfacet
facet normal 0 0 0
outer loop
vertex 1.397851e+01 1.060273e+01 1.898823e+01
vertex 1.413761e+01 1.169116e+01 1.860230e+01
vertex 1.259218e+01 1.215479e+01 1.900405e+01
endloop
endfacet
facet normal 0 0 0
outer loop
vertex 1.413761e+01 1.169116e+01 1.860230e+01
vertex 1.556238e+01 1.236549e+01 1.774515e+01
vertex 1.342029e+01 1.285844e+01 1.847786e+01
endloop
endfacet
facet normal 0 0 0
outer loop
vertex 1.259218e+01 1.215479e+01 1.900405e+01
vertex 1.413761e+01 1.169116e+01 1.860230e+01
vertex 1.342029e+01 1.285844e+01 1.847786e+01
endloop
endfacet
facet normal 0 0 0
outer loop
vertex 1.206871e+01 2.791060e+00 2.056711e+01
vertex 1.128795e+01 3.559580e+00 2.064693e+01
vertex 1.058419e+01 1.706823e+00 2.077530e+01
endloop
endfacet
facet normal 0 0 0
outer loop
vertex 2.757317e+01 -5.346033e+00 8.650518e+00
vertex 2.713349e+01 -6.533808e+00 9.061975e+00
vertex 2.790603e+01 -5.915262e+00 7.631278e+00
endloop
endfacet
facet normal 0 0 0
outer loop
vertex 2.713349e+01 -6.533808e+00 9.061975e+00
vertex 2.660908e+01 -8.208765e+00 9.238929e+00
vertex 2.722127e+01 -7.431470e+00 8.424035e+00
endloop
endfacet
facet normal 0 0 0
outer loop
vertex 2.708737e+01 -5.236215e+00 9.669372e+00
vertex 2.713349e+01 -6.533808e+00 9.061975e+00
vertex 2.757317e+01 -5.346033e+00 8.650518e+00
endloop
endfacet
facet normal 0 0 0
outer loop
vertex 2.394140e+01 -8.994274e+00 1.288048e+01
vertex 2.483176e+01 -8.563560e+00 1.193708e+01
vertex 2.442505e+01 -7.498644e+00 1.288135e+01
endloop
endfacet
facet normal 0 0 0
outer loop
vertex 2.273735e+01 -3.063568e+00 1.558722e+01
vertex 2.375678e+01 -3.704536e+00 1.454440e+01
vertex 2.374254e+01 -1.939746e+00 1.474412e+01
endloop
endfacet
facet normal 0 0 0
outer loop
vertex 1.559997e+01 1.738663e+01 1.506016e+01
vertex 1.690305e+01 1.612338e+01 1.504876e+01
vertex 1.712982e+01 1.711686e+01 1.418748e+01
endloop
endfacet
facet normal 0 0 0
outer loop
vertex 1.871818e+01 1.507269e+01 1.437376e+01
vertex 1.690305e+01 1.612338e+01 1.504876e+01
vertex 1.786378e+01 1.435809e+01 1.546277e+01
endloop
endfacet
facet normal 0 0 0
outer loop
vertex 1.690305e+01 1.612338e+01 1.504876e+01
vertex 1.559997e+01 1.738663e+01 1.506016e+01
vertex 1.656290e+01 1.538721e+01 1.573345e+01
endloop
endfacet
facet normal 0 0 0
outer loop
vertex 1.690305e+01 1.612338e+01 1.504876e+01
vertex 1.871818e+01 1.507269e+01 1.437376e+01
vertex 1.712982e+01 1.711686e+01 1.418748e+01
endloop
endfacet
facet normal 0 0 0
outer loop
vertex 2.721307e+01 5.235995e+00 9.199133e+00
vertex 2.720008e+01 6.418627e+00 8.688205e+00
vertex 2.633250e+01 6.998718e+00 1.006479e+01
endloop
endfacet
facet normal 0 0 0
outer loop
vertex 2.721307e+01 5.235995e+00 9.199133e+00
vertex 2.790296e+01 5.085453e+00 7.747901e+00
vertex 2.720008e+01 6.418627e+00 8.688205e+00
endloop
endfacet
facet normal 0 0 0
outer loop
vertex 2.745373e+01 3.997116e+00 9.158243e+00
vertex 2.721307e+01 5.235995e+00 9.199133e+00
vertex 2.691250e+01 3.925582e+00 1.019987e+01
endloop
endfacet
facet normal 0 0 0
outer loop
vertex 2.721307e+01 5.235995e+00 9.199133e+00
vertex 2.745373e+01 3.997116e+00 9.158243e+00
vertex 2.790296e+01 5.085453e+00 7.747901e+00
endloop
endfacet
facet normal 0 0 0
outer loop
vertex 1.387877e+01 -2.336101e+00 1.122255e+01
vertex 1.299912e+01 -3.771905e-01 1.163513e+01
vertex 1.466209e+01 -2.530657e-01 1.069968e+01
endloop
endfacet
facet normal 0 0 0
outer loop
vertex 7.148324e+00 1.056692e+01 2.049026e+01
vertex 8.445478e+00 1.018238e+01 2.039684e+01
vertex 8.145268e+00 1.131254e+01 2.023435e+01
endloop
endfacet
facet normal 0 0 0
outer loop
vertex 7.324225e+00 8.818315e+00 2.069178e+01
vertex 8.445478e+00 1.018238e+01 2.039684e+01
vertex 7.148324e+00 1.056692e+01 2.049026e+01
endloop
endfacet
facet normal 0 0 0
outer loop
vertex 1.571671e+01 8.311943e+00 1.125464e+01
vertex 1.338513e+01 9.494650e+00 1.283860e+01
vertex 1.580806e+01 1.035156e+01 1.182003e+01
endloop
endfacet
facet normal 0 0 0
outer loop
vertex 2.130060e+01 2.320921e+00 1.675916e+01
vertex 2.071217e+01 3.480415e+00 1.705332e+01
vertex 1.996025e+01 1.672432e+00 1.771367e+01
endloop
endfacet
facet normal 0 0 0
outer loop
vertex 1.996025e+01 1.672432e+00 1.771367e+01
vertex 2.052788e+01 8.647596e-01 1.738950e+01
vertex 2.130060e+01 2.320921e+00 1.675916e+01
endloop
endfacet
facet normal 0 0 0
outer loop
vertex 1.948479e+01 3.298359e+00 1.786233e+01
vertex 1.996025e+01 1.672432e+00 1.771367e+01
vertex 2.071217e+01 3.480415e+00 1.705332e+01
endloop
endfacet
facet normal 0 0 0
outer loop
vertex 1.360978e+01 -6.620944e+00 1.198329e+01
vertex 1.359916e+01 -4.642087e+00 1.163680e+01
vertex 1.540799e+01 -6.145106e+00 1.091105e+01
endloop
endfacet
facet normal 0 0 0
outer loop
vertex 1.360978e+01 -6.620944e+00 1.198329e+01
vertex 1.540799e+01 -6.145106e+00 1.091105e+01
vertex 1.631881e+01 -8.192464e+00 1.091612e+01
endloop
endfacet
facet normal 0 0 0
outer loop
vertex 2.445428e+01 9.045828e+00 1.192087e+01
vertex 2.382737e+01 7.841143e+00 1.323883e+01
vertex 2.461528e+01 7.590384e+00 1.237581e+01
endloop
endfacet
facet normal 0 0 0
outer loop
vertex 1.779632e-01 5.175777e+00 2.085078e+01
vertex -1.304690e-01 3.075104e+00 2.085078e+01
vertex 3.357418e+00 3.680292e+00 2.085075e+01
endloop
endfacet
facet normal 0 0 0
outer loop
vertex 2.400594e+01 -1.016030e-01 1.453306e+01
vertex 2.294673e+01 -1.248665e+00 1.553319e+01
vertex 2.374254e+01 -1.939746e+00 1.474412e+01
endloop
endfacet
facet normal 0 0 0
outer loop
vertex 2.465928e+01 3.897907e+00 1.342547e+01
vertex 2.453508e+01 1.527711e+00 1.389518e+01
vertex 2.530180e+01 1.752721e+00 1.296588e+01
endloop
endfacet
facet normal 0 0 0
outer loop
vertex 9.120306e+00 4.778844e+00 2.080155e+01
vertex 7.917242e+00 7.146181e+00 2.077225e+01
vertex 6.697124e+00 6.091720e+00 2.084822e+01
endloop
endfacet
facet normal 0 0 0
outer loop
vertex 1.459899e+01 -1.271239e+01 1.827829e+01
vertex 1.583512e+01 -1.288415e+01 1.764573e+01
vertex 1.500073e+01 -1.149707e+01 1.850833e+01
endloop
endfacet
facet normal 0 0 0
outer loop
vertex 1.583512e+01 -1.288415e+01 1.764573e+01
vertex 1.459899e+01 -1.271239e+01 1.827829e+01
vertex 1.472757e+01 -1.392202e+01 1.775649e+01
endloop
endfacet
facet normal 0 0 0
outer loop
vertex 1.632851e+01 -5.272912e+00 1.925407e+01
vertex 1.798928e+01 -5.161216e+00 1.852620e+01
vertex 1.688659e+01 -3.827475e+00 1.917475e+01
endloop
endfacet
facet normal 0 0 0
outer loop
vertex 1.512733e+01 -3.463266e+00 1.984336e+01
vertex 1.688659e+01 -3.827475e+00 1.917475e+01
vertex 1.649724e+01 -2.094135e+00 1.943855e+01
endloop
endfacet
facet normal 0 0 0
outer loop
vertex 1.649724e+01 -2.094135e+00 1.943855e+01
vertex 1.688659e+01 -3.827475e+00 1.917475e+01
vertex 1.756399e+01 -2.158940e+00 1.899183e+01
endloop
endfacet
facet normal 0 0 0
outer loop
vertex 1.756399e+01 -2.158940e+00 1.899183e+01
vertex 1.688659e+01 -3.827475e+00 1.917475e+01
vertex 1.785076e+01 -3.671721e+00 1.875781e+01
endloop
endfacet
facet normal 0 0 0
outer loop
vertex 1.387877e+01 -2.336101e+00 1.122255e+01
vertex 1.581807e+01 -3.029356e+00 1.023671e+01
vertex 1.359916e+01 -4.642087e+00 1.163680e+01
endloop
endfacet
facet normal 0 0 0
outer loop
vertex 1.387877e+01 -2.336101e+00 1.122255e+01
vertex 1.466209e+01 -2.530657e-01 1.069968e+01
vertex 1.659483e+01 -1.010253e+00 9.705629e+00
endloop
endfacet
facet normal 0 0 0
outer loop
vertex 1.838700e+01 7.553819e+00 1.776390e+01
vertex 1.796719e+01 8.817070e+00 1.767308e+01
vertex 1.743957e+01 7.497344e+00 1.828132e+01
endloop
endfacet
facet normal 0 0 0
outer loop
vertex 1.703605e+01 9.497918e+00 1.797770e+01
vertex 1.796719e+01 8.817070e+00 1.767308e+01
vertex 1.816770e+01 9.785580e+00 1.726377e+01
endloop
endfacet
facet normal 0 0 0
outer loop
vertex 1.337951e+01 -9.870102e+00 1.295690e+01
vertex 1.349098e+01 -1.157770e+01 1.347379e+01
vertex 1.164938e+01 -1.110697e+01 1.434707e+01
endloop
endfacet
facet normal 0 0 0
outer loop
vertex 1.713878e+01 5.046319e+00 1.886175e+01
vertex 1.697524e+01 6.599742e+00 1.868642e+01
vertex 1.605744e+01 5.487381e+00 1.925598e+01
endloop
endfacet
facet normal 0 0 0
outer loop
vertex 1.528038e+01 -7.414093e+00 1.934752e+01
vertex 1.640799e+01 -6.636426e+00 1.903326e+01
vertex 1.501904e+01 -6.309523e+00 1.960204e+01
endloop
endfacet
facet normal 0 0 0
outer loop
vertex 1.501904e+01 -6.309523e+00 1.960204e+01
vertex 1.640799e+01 -6.636426e+00 1.903326e+01
vertex 1.632851e+01 -5.272912e+00 1.925407e+01
endloop
endfacet
facet normal 0 0 0
outer loop
vertex 6.710572e+00 -1.294316e+01 1.815069e+01
vertex 7.584344e+00 -1.043190e+01 1.667481e+01
vertex 8.544106e+00 -1.191344e+01 1.655203e+01
endloop
endfacet
facet normal 0 0 0
outer loop
vertex 9.725003e+00 7.818810e+00 1.456086e+01
vertex 1.004679e+01 9.916445e+00 1.493199e+01
vertex 1.172860e+01 9.412204e+00 1.376440e+01
endloop
endfacet
facet normal 0 0 0
outer loop
vertex 1.732290e+01 -8.189811e+00 1.832115e+01
vertex 1.823072e+01 -8.797048e+00 1.769398e+01
vertex 1.863026e+01 -6.927762e+00 1.789652e+01
endloop
endfacet
facet normal 0 0 0
outer loop
vertex 2.084672e+01 -9.539542e+00 9.264708e+00
vertex 1.870372e+01 -9.070884e+00 1.002749e+01
vertex 1.915390e+01 -7.658968e+00 9.436797e+00
endloop
endfacet
facet normal 0 0 0
outer loop
vertex 1.616739e+01 -1.441384e+01 1.681053e+01
vertex 1.721630e+01 -1.256082e+01 1.703249e+01
vertex 1.583512e+01 -1.288415e+01 1.764573e+01
endloop
endfacet
facet normal 0 0 0
outer loop
vertex 6.985220e+00 -1.024643e+01 2.063078e+01
vertex 7.277192e+00 -1.188359e+01 2.035773e+01
vertex 8.415207e+00 -1.022786e+01 2.048462e+01
endloop
endfacet
facet normal 0 0 0
outer loop
vertex 5.812498e+00 -1.190441e+01 2.050405e+01
vertex 7.277192e+00 -1.188359e+01 2.035773e+01
vertex 6.985220e+00 -1.024643e+01 2.063078e+01
endloop
endfacet
facet normal 0 0 0
outer loop
vertex 9.038518e+00 -1.693986e+01 1.845568e+01
vertex 1.038200e+01 -1.664595e+01 1.820339e+01
vertex 8.904039e+00 -1.589124e+01 1.892039e+01
endloop
endfacet
facet normal 0 0 0
outer loop
vertex 2.575021e+01 -5.351372e+00 1.181455e+01
vertex 2.567888e+01 -6.783186e+00 1.145820e+01
vertex 2.632116e+01 -6.251618e+00 1.065574e+01
endloop
endfacet
facet normal 0 0 0
outer loop
vertex 2.567888e+01 -6.783186e+00 1.145820e+01
vertex 2.575021e+01 -5.351372e+00 1.181455e+01
vertex 2.510188e+01 -6.463099e+00 1.237348e+01
endloop
endfacet
facet normal 0 0 0
outer loop
vertex 2.385620e+01 -1.042241e+01 1.230067e+01
vertex 2.483176e+01 -8.563560e+00 1.193708e+01
vertex 2.394140e+01 -8.994274e+00 1.288048e+01
endloop
endfacet
facet normal 0 0 0
outer loop
vertex 2.385620e+01 -1.042241e+01 1.230067e+01
vertex 2.394140e+01 -8.994274e+00 1.288048e+01
vertex 2.326995e+01 -9.752593e+00 1.332281e+01
endloop
endfacet
facet normal 0 0 0
outer loop
vertex 2.483176e+01 -8.563560e+00 1.193708e+01
vertex 2.385620e+01 -1.042241e+01 1.230067e+01
vertex 2.433460e+01 -1.081409e+01 1.144476e+01
endloop
endfacet
facet normal 0 0 0
outer loop
vertex 2.367954e+01 1.160333e+01 1.146075e+01
vertex 2.321020e+01 1.295435e+01 1.111872e+01
vertex 2.262348e+01 1.264656e+01 1.210951e+01
endloop
endfacet
facet normal 0 0 0
outer loop
vertex 2.327448e+01 1.042045e+01 1.269374e+01
vertex 2.367954e+01 1.160333e+01 1.146075e+01
vertex 2.262348e+01 1.264656e+01 1.210951e+01
endloop
endfacet
facet normal 0 0 0
outer loop
vertex 2.639219e+01 -9.732064e+00 8.694738e+00
vertex 2.692658e+01 -9.871056e+00 7.398090e+00
vertex 2.701283e+01 -8.747542e+00 8.043751e+00
endloop
endfacet
facet normal 0 0 0
outer loop
vertex 1.256974e+01 -6.664399e+00 2.023792e+01
vertex 1.090568e+01 -6.390598e+00 2.056816e+01
vertex 1.049190e+01 -8.549528e+00 2.041230e+01
endloop
endfacet
facet normal 0 0 0
outer loop
vertex 9.578832e+00 -3.119970e+00 2.082013e+01
vertex 1.153457e+01 -2.715055e+00 2.066677e+01
vertex 1.046523e+01 -9.574717e-01 2.079347e+01
endloop
endfacet
facet normal 0 0 0
outer loop
vertex 3.893270e+00 1.334974e+01 2.025869e+01
vertex 2.906910e+00 1.221925e+01 2.054580e+01
vertex 5.313705e+00 1.113780e+01 2.056587e+01
endloop
endfacet
facet normal 0 0 0
outer loop
vertex 1.417931e+01 -8.747108e+00 1.948923e+01
vertex 1.473622e+01 -9.764544e+00 1.907937e+01
vertex 1.603368e+01 -8.555814e+00 1.883340e+01
endloop
endfacet
facet normal 0 0 0
outer loop
vertex 1.770568e+01 3.332368e+00 1.880161e+01
vertex 1.644974e+01 3.521871e+00 1.932391e+01
vertex 1.728902e+01 1.815111e+00 1.909951e+01
endloop
endfacet
facet normal 0 0 0
outer loop
vertex 1.770568e+01 3.332368e+00 1.880161e+01
vertex 1.832140e+01 4.328090e+00 1.838610e+01
vertex 1.713878e+01 5.046319e+00 1.886175e+01
endloop
endfacet
facet normal 0 0 0
outer loop
vertex 1.644974e+01 3.521871e+00 1.932391e+01
vertex 1.770568e+01 3.332368e+00 1.880161e+01
vertex 1.713878e+01 5.046319e+00 1.886175e+01
endloop
endfacet
facet normal 0 0 0
outer loop
vertex 1.857167e+01 2.466960e+00 1.844680e+01
vertex 1.770568e+01 3.332368e+00 1.880161e+01
vertex 1.728902e+01 1.815111e+00 1.909951e+01
endloop
endfacet
facet normal 0 0 0
outer loop
vertex 1.248625e+01 -1.125326e+01 1.945953e+01
vertex 1.363247e+01 -1.049882e+01 1.928984e+01
vertex 1.280882e+01 -9.697778e+00 1.971772e+01
endloop
endfacet
facet normal 0 0 0
outer loop
vertex 1.378668e+01 -1.195930e+01 1.883962e+01
vertex 1.363247e+01 -1.049882e+01 1.928984e+01
vertex 1.248625e+01 -1.125326e+01 1.945953e+01
endloop
endfacet
facet normal 0 0 0
outer loop
vertex 1.363247e+01 -1.049882e+01 1.928984e+01
vertex 1.553228e+01 -1.048470e+01 1.857551e+01
vertex 1.473622e+01 -9.764544e+00 1.907937e+01
endloop
endfacet
facet normal 0 0 0
outer loop
vertex 1.280882e+01 -9.697778e+00 1.971772e+01
vertex 1.363247e+01 -1.049882e+01 1.928984e+01
vertex 1.417931e+01 -8.747108e+00 1.948923e+01
endloop
endfacet
facet normal 0 0 0
outer loop
vertex 1.363247e+01 -1.049882e+01 1.928984e+01
vertex 1.473622e+01 -9.764544e+00 1.907937e+01
vertex 1.417931e+01 -8.747108e+00 1.948923e+01
endloop
endfacet
facet normal 0 0 0
outer loop
vertex 1.142408e+01 1.350965e+01 1.891734e+01
vertex 1.099811e+01 1.488882e+01 1.851661e+01
vertex 1.008437e+01 1.407779e+01 1.909032e+01
endloop
endfacet
facet normal 0 0 0
outer loop
vertex 1.259218e+01 1.215479e+01 1.900405e+01
vertex 1.142408e+01 1.350965e+01 1.891734e+01
vertex 1.108943e+01 1.236966e+01 1.937964e+01
endloop
endfacet
facet normal 0 0 0
outer loop
vertex 1.099811e+01 1.488882e+01 1.851661e+01
vertex 1.142408e+01 1.350965e+01 1.891734e+01
vertex 1.200049e+01 1.412955e+01 1.850082e+01
endloop
endfacet
facet normal 0 0 0
outer loop
vertex 7.356734e+00 1.371465e+01 1.976580e+01
vertex 4.982958e+00 1.436016e+01 1.990172e+01
vertex 5.472500e+00 1.301499e+01 2.019523e+01
endloop
endfacet
facet normal 0 0 0
outer loop
vertex 1.733726e+01 -6.752892e+00 1.859830e+01
vertex 1.632851e+01 -5.272912e+00 1.925407e+01
vertex 1.640799e+01 -6.636426e+00 1.903326e+01
endloop
endfacet
facet normal 0 0 0
outer loop
vertex 1.733726e+01 -6.752892e+00 1.859830e+01
vertex 1.863026e+01 -6.927762e+00 1.789652e+01
vertex 1.798928e+01 -5.161216e+00 1.852620e+01
endloop
endfacet
facet normal 0 0 0
outer loop
vertex 1.733726e+01 -6.752892e+00 1.859830e+01
vertex 1.732290e+01 -8.189811e+00 1.832115e+01
vertex 1.863026e+01 -6.927762e+00 1.789652e+01
endloop
endfacet
facet normal 0 0 0
outer loop
vertex 2.611897e+01 8.674763e+00 9.523069e+00
vertex 2.557559e+01 1.041677e+01 9.310103e+00
vertex 2.529272e+01 9.652531e+00 1.033974e+01
endloop
endfacet
facet normal 0 0 0
outer loop
vertex 8.210901e+00 -8.653685e-01 2.085048e+01
vertex 7.635814e+00 -3.444469e+00 2.084787e+01
vertex 9.578832e+00 -3.119970e+00 2.082013e+01
endloop
endfacet
facet normal 0 0 0
outer loop
vertex 5.427808e+00 -3.313665e+00 2.085051e+01
vertex 5.081478e+00 6.785429e-01 2.085078e+01
vertex 2.576113e+00 -2.692827e+00 2.085078e+01
endloop
endfacet
facet normal 0 0 0
outer loop
vertex 1.417931e+01 -8.747108e+00 1.948923e+01
vertex 1.226518e+01 -8.763030e+00 2.002913e+01
vertex 1.280882e+01 -9.697778e+00 1.971772e+01
endloop
endfacet
facet normal 0 0 0
outer loop
vertex 1.172860e+01 9.412204e+00 1.376440e+01
vertex 1.301256e+01 1.129852e+01 1.363912e+01
vertex 1.338513e+01 9.494650e+00 1.283860e+01
endloop
endfacet
facet normal 0 0 0
outer loop
vertex 1.871818e+01 1.507269e+01 1.437376e+01
vertex 1.881288e+01 1.661912e+01 1.317247e+01
vertex 1.712982e+01 1.711686e+01 1.418748e+01
endloop
endfacet
facet normal 0 0 0
outer loop
vertex 2.906910e+00 1.221925e+01 2.054580e+01
vertex 3.893270e+00 1.334974e+01 2.025869e+01
vertex 5.431606e+00 1.266943e+01 1.891956e+01
endloop
endfacet
facet normal 0 0 0
outer loop
vertex 2.112190e+01 -8.267972e-01 1.700037e+01
vertex 2.230033e+01 -1.476185e+00 1.607941e+01
vertex 2.196622e+01 8.431149e-01 1.634920e+01
endloop
endfacet
facet normal 0 0 0
outer loop
vertex 1.923166e+01 -3.568405e+00 1.804620e+01
vertex 1.887948e+01 -1.975760e+00 1.835186e+01
vertex 1.785076e+01 -3.671721e+00 1.875781e+01
endloop
endfacet
facet normal 0 0 0
outer loop
vertex 2.286817e+01 -1.363366e+01 1.152379e+01
vertex 2.339980e+01 -1.200860e+01 1.196701e+01
vertex 2.259418e+01 -1.255477e+01 1.260531e+01
endloop
endfacet
facet normal 0 0 0
outer loop
vertex 1.581807e+01 -3.029356e+00 1.023671e+01
vertex 1.764267e+01 -3.454787e+00 9.368060e+00
vertex 1.653785e+01 -4.671530e+00 1.007388e+01
endloop
endfacet
facet normal 0 0 0
outer loop
vertex 1.512568e+01 1.533191e+01 1.660226e+01
vertex 1.544161e+01 1.375676e+01 1.721987e+01
vertex 1.673470e+01 1.367404e+01 1.655245e+01
endloop
endfacet
facet normal 0 0 0
outer loop
vertex 3.157965e+00 8.846165e+00 1.933005e+01
vertex 4.824676e+00 8.215440e+00 1.795578e+01
vertex 4.595798e+00 6.385851e+00 1.772431e+01
endloop
endfacet
facet normal 0 0 0
outer loop
vertex 1.505120e+01 4.498158e+00 1.973203e+01
vertex 1.547157e+01 3.131685e+00 1.971503e+01
vertex 1.644974e+01 3.521871e+00 1.932391e+01
endloop
endfacet
facet normal 0 0 0
outer loop
vertex 7.279879e+00 -4.240109e+00 1.550459e+01
vertex 8.361023e+00 -5.768590e+00 1.501090e+01
vertex 6.382442e+00 -6.879152e+00 1.655532e+01
endloop
endfacet
facet normal 0 0 0
outer loop
vertex 1.192509e+01 3.940558e-01 2.064584e+01
vertex 1.330405e+01 1.433277e+00 2.038480e+01
vertex 1.206871e+01 2.791060e+00 2.056711e+01
endloop
endfacet
facet normal 0 0 0
outer loop
vertex 2.460607e+01 4.214195e-01 6.364843e+00
vertex 2.378929e+01 2.231422e+00 6.716690e+00
vertex 2.566707e+01 1.532338e+00 6.077012e+00
endloop
endfacet
facet normal 0 0 0
outer loop
vertex 1.988185e+01 9.335984e+00 9.595285e+00
vertex 1.973500e+01 7.789439e+00 9.218132e+00
vertex 1.747197e+01 9.305968e+00 1.066707e+01
endloop
endfacet
facet normal 0 0 0
outer loop
vertex 2.153826e+01 -1.302320e+01 1.346766e+01
vertex 2.049778e+01 -1.312371e+01 1.440113e+01
vertex 2.061469e+01 -1.458348e+01 1.340563e+01
endloop
endfacet
facet normal 0 0 0
outer loop
vertex 3.157965e+00 8.846165e+00 1.933005e+01
vertex 2.094349e+00 1.097485e+01 2.073178e+01
vertex 5.003361e+00 1.042561e+01 1.844252e+01
endloop
endfacet
facet normal 0 0 0
outer loop
vertex 1.268850e+00 9.215116e+00 2.084243e+01
vertex 2.094349e+00 1.097485e+01 2.073178e+01
vertex 3.157965e+00 8.846165e+00 1.933005e+01
endloop
endfacet
facet normal 0 0 0
outer loop
vertex 2.169318e+01 -1.303467e+01 1.027347e+01
vertex 2.026062e+01 -1.185700e+01 1.033226e+01
vertex 2.188264e+01 -1.090980e+01 9.338212e+00
endloop
endfacet
facet normal 0 0 0
outer loop
vertex 1.796873e+01 -1.512839e+01 1.529056e+01
vertex 1.767933e+01 -1.349706e+01 1.634459e+01
vertex 1.660767e+01 -1.558360e+01 1.594802e+01
endloop
endfacet
facet normal 0 0 0
outer loop
vertex 1.208156e+01 -1.579826e+00 1.221276e+01
vertex 9.639481e+00 -1.686783e+00 1.371846e+01
vertex 1.068391e+01 -6.448438e-02 1.301941e+01
endloop
endfacet
facet normal 0 0 0
outer loop
vertex 2.155963e+01 -1.187651e+01 1.407939e+01
vertex 2.273564e+01 -1.135178e+01 1.313624e+01
vertex 2.237000e+01 -1.051064e+01 1.393995e+01
endloop
endfacet
facet normal 0 0 0
outer loop
vertex 2.812163e+01 3.623049e+00 7.794994e+00
vertex 2.846169e+01 4.174153e+00 6.669365e+00
vertex 2.790296e+01 5.085453e+00 7.747901e+00
endloop
endfacet
facet normal 0 0 0
outer loop
vertex 2.745373e+01 3.997116e+00 9.158243e+00
vertex 2.812163e+01 3.623049e+00 7.794994e+00
vertex 2.790296e+01 5.085453e+00 7.747901e+00
endloop
endfacet
facet normal 0 0 0
outer loop
vertex 8.210901e+00 -8.653685e-01 2.085048e+01
vertex 9.578832e+00 -3.119970e+00 2.082013e+01
vertex 1.046523e+01 -9.574717e-01 2.079347e+01
endloop
endfacet
facet normal 0 0 0
outer loop
vertex 2.776370e+01 6.565297e+00 7.274705e+00
vertex 2.790296e+01 5.085453e+00 7.747901e+00
vertex 2.827364e+01 6.261244e+00 6.053225e+00
endloop
endfacet
facet normal 0 0 0
outer loop
vertex 2.785703e+01 -3.831120e+00 8.535914e+00
vertex 2.757317e+01 -5.346033e+00 8.650518e+00
vertex 2.832399e+01 -4.475495e+00 7.189211e+00
endloop
endfacet
facet normal 0 0 0
outer loop
vertex 1.401319e+01 -1.629909e+01 1.528797e+01
vertex 1.457244e+01 -1.780820e+01 1.580929e+01
vertex 1.159731e+01 -1.761192e+01 1.730135e+01
endloop
endfacet
facet normal 0 0 0
outer loop
vertex 8.210901e+00 -8.653685e-01 2.085048e+01
vertex 5.081478e+00 6.785429e-01 2.085078e+01
vertex 7.635814e+00 -3.444469e+00 2.084787e+01
endloop
endfacet
facet normal 0 0 0
outer loop
vertex 7.290784e-01 1.033489e+00 2.005628e+01
vertex -1.304690e-01 3.075104e+00 2.085078e+01
vertex 1.971235e+00 3.041489e+00 1.921190e+01
endloop
endfacet
facet normal 0 0 0
outer loop
vertex 2.652225e+00 5.916994e+00 2.085072e+01
vertex 1.779632e-01 5.175777e+00 2.085078e+01
vertex 3.357418e+00 3.680292e+00 2.085075e+01
endloop
endfacet
facet normal 0 0 0
outer loop
vertex 2.617709e+01 -6.805508e+00 6.702542e+00
vertex 2.677358e+01 -4.673090e+00 6.113705e+00
vertex 2.834896e+01 -6.490482e+00 6.088333e+00
endloop
endfacet
facet normal 0 0 0
outer loop
vertex 2.834896e+01 -6.490482e+00 6.088333e+00
vertex 2.764123e+01 -8.408462e+00 6.754380e+00
vertex 2.617709e+01 -6.805508e+00 6.702542e+00
endloop
endfacet
facet normal 0 0 0
outer loop
vertex 1.816077e+00 -2.169331e-01 2.085078e+01
vertex 5.081478e+00 6.785429e-01 2.085078e+01
vertex 2.096081e+00 2.172629e+00 2.085078e+01
endloop
endfacet
facet normal 0 0 0
outer loop
vertex 2.517612e+01 -4.677827e+00 1.275788e+01
vertex 2.419152e+01 -4.950341e+00 1.386552e+01
vertex 2.429818e+01 -6.017965e+00 1.349013e+01
endloop
endfacet
facet normal 0 0 0
outer loop
vertex 2.180139e+01 9.932617e+00 9.023528e+00
vertex 2.041444e+01 1.070439e+01 9.833929e+00
vertex 2.151781e+01 1.233587e+01 1.003781e+01
endloop
endfacet
facet normal 0 0 0
outer loop
vertex 2.725908e+01 3.555553e+00 5.830012e+00
vertex 2.567932e+01 4.593456e+00 6.401032e+00
vertex 2.662105e+01 5.806707e+00 6.362383e+00
endloop
endfacet
facet normal 0 0 0
outer loop
vertex 1.835063e+01 -1.147381e+01 1.677151e+01
vertex 1.956929e+01 -1.103957e+01 1.611588e+01
vertex 1.823136e+01 -1.043239e+01 1.721334e+01
endloop
endfacet
facet normal 0 0 0
outer loop
vertex 1.565082e+01 -1.027406e+00 1.977225e+01
vertex 1.603815e+01 1.242640e+00 1.961910e+01
vertex 1.490109e+01 -3.417069e-01 2.001199e+01
endloop
endfacet
facet normal 0 0 0
outer loop
vertex 1.127979e+01 -5.477465e+00 1.311862e+01
vertex 9.573943e+00 -3.258022e+00 1.387827e+01
vertex 1.227099e+01 -3.772159e+00 1.228366e+01
endloop
endfacet
facet normal 0 0 0
outer loop
vertex 9.731427e+00 -5.074098e+00 1.401082e+01
vertex 9.573943e+00 -3.258022e+00 1.387827e+01
vertex 1.127979e+01 -5.477465e+00 1.311862e+01
endloop
endfacet
facet normal 0 0 0
outer loop
vertex 7.706431e+00 7.531698e+00 1.580398e+01
vertex 4.824676e+00 8.215440e+00 1.795578e+01
vertex 8.330298e+00 9.250272e+00 1.582743e+01
endloop
endfacet
facet normal 0 0 0
outer loop
vertex 1.301256e+01 1.129852e+01 1.363912e+01
vertex 1.422913e+01 1.190527e+01 1.319511e+01
vertex 1.338513e+01 9.494650e+00 1.283860e+01
endloop
endfacet
facet normal 0 0 0
outer loop
vertex 2.102088e+01 -9.242525e+00 1.566247e+01
vertex 2.242353e+01 -8.136198e+00 1.480509e+01
vertex 2.177639e+01 -7.193653e+00 1.565816e+01
endloop
endfacet
facet normal 0 0 0
outer loop
vertex 1.764267e+01 -3.454787e+00 9.368060e+00
vertex 1.659483e+01 -1.010253e+00 9.705629e+00
vertex 1.840370e+01 -1.956620e+00 8.874563e+00
endloop
endfacet
facet normal 0 0 0
outer loop
vertex 8.521683e+00 1.261762e+01 1.987698e+01
vertex 8.058656e+00 1.444810e+01 1.941506e+01
vertex 7.356734e+00 1.371465e+01 1.976580e+01
endloop
endfacet
facet normal 0 0 0
outer loop
vertex 8.058656e+00 1.444810e+01 1.941506e+01
vertex 6.140658e+00 1.520126e+01 1.948187e+01
vertex 7.356734e+00 1.371465e+01 1.976580e+01
endloop
endfacet
facet normal 0 0 0
outer loop
vertex 6.140658e+00 1.520126e+01 1.948187e+01
vertex 4.982958e+00 1.436016e+01 1.990172e+01
vertex 7.356734e+00 1.371465e+01 1.976580e+01
endloop
endfacet
facet normal 0 0 0
outer loop
vertex 1.697012e+01 1.286229e+01 1.219634e+01
vertex 1.502466e+01 1.353275e+01 1.343934e+01
vertex 1.636559e+01 1.471387e+01 1.331711e+01
endloop
endfacet
facet normal 0 0 0
outer loop
vertex 2.567932e+01 4.593456e+00 6.401032e+00
vertex 2.452131e+01 5.105525e+00 6.837801e+00
vertex 2.662105e+01 5.806707e+00 6.362383e+00
endloop
endfacet
facet normal 0 0 0
outer loop
vertex 1.659483e+01 -1.010253e+00 9.705629e+00
vertex 1.574055e+01 6.864974e-01 1.013378e+01
vertex 1.775412e+01 9.556633e-01 9.132680e+00
endloop
endfacet
facet normal 0 0 0
outer loop
vertex 1.565082e+01 -1.027406e+00 1.977225e+01
vertex 1.512733e+01 -3.463266e+00 1.984336e+01
vertex 1.649724e+01 -2.094135e+00 1.943855e+01
endloop
endfacet
facet normal 0 0 0
outer loop
vertex 2.588746e+01 -9.510244e+00 9.801950e+00
vertex 2.475895e+01 -1.158836e+01 1.029910e+01
vertex 2.559612e+01 -1.085593e+01 9.399693e+00
endloop
endfacet
facet normal 0 0 0
outer loop
vertex 1.692494e+01 3.927609e+00 9.777067e+00
vertex 1.648409e+01 2.317126e+00 9.834750e+00
vertex 1.468006e+01 3.399764e+00 1.088113e+01
endloop
endfacet
facet normal 0 0 0
outer loop
vertex 1.343119e+01 -1.576584e+01 1.750377e+01
vertex 1.159731e+01 -1.761192e+01 1.730135e+01
vertex 1.300486e+01 -1.777597e+01 1.661450e+01
endloop
endfacet
facet normal 0 0 0
outer loop
vertex 5.390332e+00 -4.953066e+00 1.691509e+01
vertex 7.279879e+00 -4.240109e+00 1.550459e+01
vertex 6.382442e+00 -6.879152e+00 1.655532e+01
endloop
endfacet
facet normal 0 0 0
outer loop
vertex 9.009128e+00 1.379077e+01 1.699629e+01
vertex 1.096905e+01 1.500668e+01 1.634478e+01
vertex 1.106268e+01 1.314567e+01 1.547065e+01
endloop
endfacet
facet normal 0 0 0
outer loop
vertex 1.417931e+01 -8.747108e+00 1.948923e+01
vertex 1.364251e+01 -7.355673e+00 1.988260e+01
vertex 1.226518e+01 -8.763030e+00 2.002913e+01
endloop
endfacet
facet normal 0 0 0
outer loop
vertex 5.081478e+00 6.785429e-01 2.085078e+01
vertex 5.427808e+00 -3.313665e+00 2.085051e+01
vertex 7.635814e+00 -3.444469e+00 2.084787e+01
endloop
endfacet
facet normal 0 0 0
outer loop
vertex 1.988185e+01 9.335984e+00 9.595285e+00
vertex 2.207033e+01 8.196348e+00 8.387227e+00
vertex 1.973500e+01 7.789439e+00 9.218132e+00
endloop
endfacet
facet normal 0 0 0
outer loop
vertex 1.779632e-01 5.175777e+00 2.085078e+01
vertex 1.971235e+00 3.041489e+00 1.921190e+01
vertex -1.304690e-01 3.075104e+00 2.085078e+01
endloop
endfacet
facet normal 0 0 0
outer loop
vertex 7.290784e-01 1.033489e+00 2.005628e+01
vertex 1.971235e+00 3.041489e+00 1.921190e+01
vertex 2.891823e+00 8.682427e-01 1.839136e+01
endloop
endfacet
facet normal 0 0 0
outer loop
vertex 2.513252e+01 -9.595232e+00 1.098515e+01
vertex 2.433460e+01 -1.081409e+01 1.144476e+01
vertex 2.475895e+01 -1.158836e+01 1.029910e+01
endloop
endfacet
facet normal 0 0 0
outer loop
vertex 2.588746e+01 -9.510244e+00 9.801950e+00
vertex 2.513252e+01 -9.595232e+00 1.098515e+01
vertex 2.475895e+01 -1.158836e+01 1.029910e+01
endloop
endfacet
facet normal 0 0 0
outer loop
vertex 2.872397e+01 2.138778e+00 6.628442e+00
vertex 2.817396e+01 2.043241e+00 8.094906e+00
vertex 2.835404e+01 7.824453e-01 7.846961e+00
endloop
endfacet
facet normal 0 0 0
outer loop
vertex 2.790603e+01 -5.915262e+00 7.631278e+00
vertex 2.832399e+01 -4.475495e+00 7.189211e+00
vertex 2.757317e+01 -5.346033e+00 8.650518e+00
endloop
endfacet
facet normal 0 0 0
outer loop
vertex 1.506185e+01 -1.039773e+01 1.222107e+01
vertex 1.476475e+01 -1.310103e+01 1.339094e+01
vertex 1.349098e+01 -1.157770e+01 1.347379e+01
endloop
endfacet
facet normal 0 0 0
outer loop
vertex 1.166828e+01 4.276635e+00 1.270184e+01
vertex 1.022991e+01 3.359353e+00 1.347600e+01
vertex 1.036139e+01 5.829993e+00 1.374532e+01
endloop
endfacet
facet normal 0 0 0
outer loop
vertex 2.872886e+01 4.602351e+00 5.635041e+00
vertex 2.725908e+01 3.555553e+00 5.830012e+00
vertex 2.662105e+01 5.806707e+00 6.362383e+00
endloop
endfacet
facet normal 0 0 0
outer loop
vertex 7.294912e+00 1.588508e+01 1.903453e+01
vertex 7.454763e+00 1.420251e+01 1.817695e+01
vertex 6.140658e+00 1.520126e+01 1.948187e+01
endloop
endfacet
facet normal 0 0 0
outer loop
vertex 1.505120e+01 4.498158e+00 1.973203e+01
vertex 1.387675e+01 6.055317e+00 1.991033e+01
vertex 1.373062e+01 3.592899e+00 2.018722e+01
endloop
endfacet
facet normal 0 0 0
outer loop
vertex 1.387675e+01 6.055317e+00 1.991033e+01
vertex 1.242875e+01 5.525817e+00 2.032329e+01
vertex 1.373062e+01 3.592899e+00 2.018722e+01
endloop
endfacet
facet normal 0 0 0
outer loop
vertex 1.660767e+01 -1.558360e+01 1.594802e+01
vertex 1.767933e+01 -1.349706e+01 1.634459e+01
vertex 1.616739e+01 -1.441384e+01 1.681053e+01
endloop
endfacet
facet normal 0 0 0
outer loop
vertex 1.644974e+01 3.521871e+00 1.932391e+01
vertex 1.603815e+01 1.242640e+00 1.961910e+01
vertex 1.728902e+01 1.815111e+00 1.909951e+01
endloop
endfacet
facet normal 0 0 0
outer loop
vertex 9.232291e+00 -7.136843e+00 1.471671e+01
vertex 9.731427e+00 -5.074098e+00 1.401082e+01
vertex 1.127979e+01 -5.477465e+00 1.311862e+01
endloop
endfacet
facet normal 0 0 0
outer loop
vertex 1.172860e+01 9.412204e+00 1.376440e+01
vertex 1.338513e+01 9.494650e+00 1.283860e+01
vertex 1.156137e+01 7.635881e+00 1.338963e+01
endloop
endfacet
facet normal 0 0 0
outer loop
vertex 1.484676e+01 6.226767e+00 1.958804e+01
vertex 1.505120e+01 4.498158e+00 1.973203e+01
vertex 1.605744e+01 5.487381e+00 1.925598e+01
endloop
endfacet
facet normal 0 0 0
outer loop
vertex 1.484676e+01 6.226767e+00 1.958804e+01
vertex 1.387675e+01 6.055317e+00 1.991033e+01
vertex 1.505120e+01 4.498158e+00 1.973203e+01
endloop
endfacet
facet normal 0 0 0
outer loop
vertex 1.092737e+01 -1.074401e+01 1.997096e+01
vertex 9.664655e+00 -1.060044e+01 2.024664e+01
vertex 9.061588e+00 -1.184531e+01 2.010523e+01
endloop
endfacet
facet normal 0 0 0
outer loop
vertex 2.572028e+01 1.134783e+01 8.258574e+00
vertex 2.307262e+01 1.150751e+01 9.145659e+00
vertex 2.459713e+01 1.271972e+01 9.153046e+00
endloop
endfacet
facet normal 0 0 0
outer loop
vertex 2.307262e+01 1.150751e+01 9.145659e+00
vertex 2.320418e+01 1.406289e+01 1.020623e+01
vertex 2.459713e+01 1.271972e+01 9.153046e+00
endloop
endfacet
facet normal 0 0 0
outer loop
vertex 2.293705e+00 7.184502e+00 1.958704e+01
vertex 1.268850e+00 9.215116e+00 2.084243e+01
vertex 3.157965e+00 8.846165e+00 1.933005e+01
endloop
endfacet
facet normal 0 0 0
outer loop
vertex 1.138116e+01 -1.254819e+01 1.942585e+01
vertex 1.248625e+01 -1.125326e+01 1.945953e+01
vertex 1.092737e+01 -1.074401e+01 1.997096e+01
endloop
endfacet
facet normal 0 0 0
outer loop
vertex 2.677358e+01 -4.673090e+00 6.113705e+00
vertex 2.617709e+01 -6.805508e+00 6.702542e+00
vertex 2.565607e+01 -5.185392e+00 6.509191e+00
endloop
endfacet
facet normal 0 0 0
outer loop
vertex 1.193128e+01 -7.693591e+00 1.318453e+01
vertex 9.232291e+00 -7.136843e+00 1.471671e+01
vertex 1.127979e+01 -5.477465e+00 1.311862e+01
endloop
endfacet
facet normal 0 0 0
outer loop
vertex 1.019059e+01 -1.238482e+01 1.975867e+01
vertex 1.138116e+01 -1.254819e+01 1.942585e+01
vertex 1.092737e+01 -1.074401e+01 1.997096e+01
endloop
endfacet
facet normal 0 0 0
outer loop
vertex 9.061588e+00 -1.184531e+01 2.010523e+01
vertex 1.019059e+01 -1.238482e+01 1.975867e+01
vertex 1.092737e+01 -1.074401e+01 1.997096e+01
endloop
endfacet
facet normal 0 0 0
outer loop
vertex 1.035615e+01 -1.392769e+01 1.927559e+01
vertex 1.138116e+01 -1.254819e+01 1.942585e+01
vertex 1.019059e+01 -1.238482e+01 1.975867e+01
endloop
endfacet
facet normal 0 0 0
outer loop
vertex 1.193128e+01 -7.693591e+00 1.318453e+01
vertex 1.413189e+01 -8.377389e+00 1.211284e+01
vertex 1.337951e+01 -9.870102e+00 1.295690e+01
endloop
endfacet
facet normal 0 0 0
outer loop
vertex 1.747197e+01 9.305968e+00 1.066707e+01
vertex 1.973500e+01 7.789439e+00 9.218132e+00
vertex 1.788302e+01 7.091939e+00 9.879781e+00
endloop
endfacet
facet normal 0 0 0
outer loop
vertex 1.788302e+01 7.091939e+00 9.879781e+00
vertex 1.571671e+01 8.311943e+00 1.125464e+01
vertex 1.747197e+01 9.305968e+00 1.066707e+01
endloop
endfacet
facet normal 0 0 0
outer loop
vertex 8.134262e+00 -3.144606e-02 1.465909e+01
vertex 7.513147e+00 -2.008572e+00 1.513481e+01
vertex 5.948950e+00 -9.699494e-01 1.616872e+01
endloop
endfacet
facet normal 0 0 0
outer loop
vertex 2.836698e-01 -5.715882e+00 2.085078e+01
vertex -6.475174e-02 -3.600676e+00 2.085078e+01
vertex 2.091167e+00 -5.446264e+00 1.941819e+01
endloop
endfacet
facet normal 0 0 0
outer loop
vertex 1.893893e+01 -1.617683e+01 1.384474e+01
vertex 1.770803e+01 -1.732791e+01 1.404612e+01
vertex 1.923409e+01 -1.681446e+01 1.310855e+01
endloop
endfacet
facet normal 0 0 0
outer loop
vertex 2.321020e+01 1.295435e+01 1.111872e+01
vertex 2.320418e+01 1.406289e+01 1.020623e+01
vertex 2.240147e+01 1.385725e+01 1.148206e+01
endloop
endfacet
facet normal 0 0 0
outer loop
vertex 2.644984e+01 1.519858e-01 5.811269e+00
vertex 2.566707e+01 1.532338e+00 6.077012e+00
vertex 2.752196e+01 1.294407e+00 5.572112e+00
endloop
endfacet
facet normal 0 0 0
outer loop
vertex 7.621534e+00 -1.320650e+01 2.002838e+01
vertex 6.001358e+00 -1.536692e+01 1.965265e+01
vertex 8.234273e+00 -1.455492e+01 1.953799e+01
endloop
endfacet
facet normal 0 0 0
outer loop
vertex 8.134262e+00 -3.144606e-02 1.465909e+01
vertex 5.948950e+00 -9.699494e-01 1.616872e+01
vertex 5.971749e+00 1.160538e+00 1.615797e+01
endloop
endfacet
facet normal 0 0 0
outer loop
vertex 1.256974e+01 -6.664399e+00 2.023792e+01
vertex 1.226518e+01 -8.763030e+00 2.002913e+01
vertex 1.364251e+01 -7.355673e+00 1.988260e+01
endloop
endfacet
facet normal 0 0 0
outer loop
vertex 9.462539e+00 1.168136e+01 1.588244e+01
vertex 9.009128e+00 1.379077e+01 1.699629e+01
vertex 1.106268e+01 1.314567e+01 1.547065e+01
endloop
endfacet
facet normal 0 0 0
outer loop
vertex 2.052788e+01 8.647596e-01 1.738950e+01
vertex 2.196622e+01 8.431149e-01 1.634920e+01
vertex 2.130060e+01 2.320921e+00 1.675916e+01
endloop
endfacet
facet normal 0 0 0
outer loop
vertex 2.790296e+01 5.085453e+00 7.747901e+00
vertex 2.846169e+01 4.174153e+00 6.669365e+00
vertex 2.827364e+01 6.261244e+00 6.053225e+00
endloop
endfacet
facet normal 0 0 0
outer loop
vertex 5.939552e+00 -2.809611e+00 1.627692e+01
vertex 5.948950e+00 -9.699494e-01 1.616872e+01
vertex 7.513147e+00 -2.008572e+00 1.513481e+01
endloop
endfacet
facet normal 0 0 0
outer loop
vertex 5.948950e+00 -9.699494e-01 1.616872e+01
vertex 5.939552e+00 -2.809611e+00 1.627692e+01
vertex 4.270968e+00 -1.724716e+00 1.739886e+01
endloop
endfacet
facet normal 0 0 0
outer loop
vertex 5.939552e+00 -2.809611e+00 1.627692e+01
vertex 7.279879e+00 -4.240109e+00 1.550459e+01
vertex 5.390332e+00 -4.953066e+00 1.691509e+01
endloop
endfacet
facet normal 0 0 0
outer loop
vertex 2.080482e+01 -7.815234e+00 1.626225e+01
vertex 1.940118e+01 -8.185698e+00 1.714428e+01
vertex 2.003627e+01 -9.276768e+00 1.640053e+01
endloop
endfacet
facet normal 0 0 0
outer loop
vertex 1.466209e+01 -2.530657e-01 1.069968e+01
vertex 1.574055e+01 6.864974e-01 1.013378e+01
vertex 1.659483e+01 -1.010253e+00 9.705629e+00
endloop
endfacet
facet normal 0 0 0
outer loop
vertex 2.747192e+01 -1.768980e+00 5.609056e+00
vertex 2.622096e+01 -3.159628e+00 6.052312e+00
vertex 2.588382e+01 -1.048268e+00 5.994498e+00
endloop
endfacet
facet normal 0 0 0
outer loop
vertex 2.644984e+01 1.519858e-01 5.811269e+00
vertex 2.747192e+01 -1.768980e+00 5.609056e+00
vertex 2.588382e+01 -1.048268e+00 5.994498e+00
endloop
endfacet
facet normal 0 0 0
outer loop
vertex 2.662105e+01 5.806707e+00 6.362383e+00
vertex 2.494586e+01 6.296794e+00 6.939668e+00
vertex 2.605610e+01 7.418220e+00 6.888001e+00
endloop
endfacet
facet normal 0 0 0
outer loop
vertex 1.816077e+00 -2.169331e-01 2.085078e+01
vertex -6.475174e-02 -3.600676e+00 2.085078e+01
vertex 2.576113e+00 -2.692827e+00 2.085078e+01
endloop
endfacet
facet normal 0 0 0
outer loop
vertex 1.673470e+01 1.367404e+01 1.655245e+01
vertex 1.786378e+01 1.435809e+01 1.546277e+01
vertex 1.656290e+01 1.538721e+01 1.573345e+01
endloop
endfacet
facet normal 0 0 0
outer loop
vertex 3.160559e+00 -3.207413e+00 1.832931e+01
vertex 9.889117e-01 -1.647554e+00 1.987697e+01
vertex 4.270968e+00 -1.724716e+00 1.739886e+01
endloop
endfacet
facet normal 0 0 0
outer loop
vertex 5.860516e+00 -1.348159e+01 2.019013e+01
vertex 6.001358e+00 -1.536692e+01 1.965265e+01
vertex 7.621534e+00 -1.320650e+01 2.002838e+01
endloop
endfacet
facet normal 0 0 0
outer loop
vertex 1.982117e+01 -1.047541e+01 9.998169e+00
vertex 1.870372e+01 -9.070884e+00 1.002749e+01
vertex 2.084672e+01 -9.539542e+00 9.264708e+00
endloop
endfacet
facet normal 0 0 0
outer loop
vertex 1.019059e+01 -1.238482e+01 1.975867e+01
vertex 9.061588e+00 -1.184531e+01 2.010523e+01
vertex 9.005342e+00 -1.322826e+01 1.978213e+01
endloop
endfacet
facet normal 0 0 0
outer loop
vertex 2.812163e+01 3.623049e+00 7.794994e+00
vertex 2.817396e+01 2.043241e+00 8.094906e+00
vertex 2.872397e+01 2.138778e+00 6.628442e+00
endloop
endfacet
facet normal 0 0 0
outer loop
vertex 2.827364e+01 6.261244e+00 6.053225e+00
vertex 2.765088e+01 7.945508e+00 6.614623e+00
vertex 2.776370e+01 6.565297e+00 7.274705e+00
endloop
endfacet
facet normal 0 0 0
outer loop
vertex 6.001358e+00 -1.536692e+01 1.965265e+01
vertex 7.424842e+00 -1.621292e+01 1.911429e+01
vertex 8.234273e+00 -1.455492e+01 1.953799e+01
endloop
endfacet
facet normal 0 0 0
outer loop
vertex 6.504415e+00 6.213641e+00 1.634428e+01
vertex 4.824676e+00 8.215440e+00 1.795578e+01
vertex 7.706431e+00 7.531698e+00 1.580398e+01
endloop
endfacet
facet normal 0 0 0
outer loop
vertex 1.373062e+01 3.592899e+00 2.018722e+01
vertex 1.242875e+01 5.525817e+00 2.032329e+01
vertex 1.206871e+01 2.791060e+00 2.056711e+01
endloop
endfacet
facet normal 0 0 0
outer loop
vertex 1.653785e+01 -4.671530e+00 1.007388e+01
vertex 1.851205e+01 -4.913162e+00 9.160335e+00
vertex 1.784729e+01 -6.434526e+00 9.752669e+00
endloop
endfacet
facet normal 0 0 0
outer loop
vertex 2.861149e+01 -1.807823e+00 7.125598e+00
vertex 2.812830e+01 -1.841678e+00 8.325937e+00
vertex 2.838631e+01 -3.109886e+00 7.472258e+00
endloop
endfacet
facet normal 0 0 0
outer loop
vertex 2.665742e+01 9.082712e+00 8.147655e+00
vertex 2.661646e+01 9.982873e+00 7.512738e+00
vertex 2.557559e+01 1.041677e+01 9.310103e+00
endloop
endfacet
facet normal 0 0 0
outer loop
vertex 2.661646e+01 9.982873e+00 7.512738e+00
vertex 2.572028e+01 1.134783e+01 8.258574e+00
vertex 2.557559e+01 1.041677e+01 9.310103e+00
endloop
endfacet
facet normal 0 0 0
outer loop
vertex 2.460607e+01 4.214195e-01 6.364843e+00
vertex 2.227028e+01 1.406554e+00 7.211314e+00
vertex 2.378929e+01 2.231422e+00 6.716690e+00
endloop
endfacet
facet normal 0 0 0
outer loop
vertex 2.227028e+01 1.406554e+00 7.211314e+00
vertex 2.460607e+01 4.214195e-01 6.364843e+00
vertex 2.343082e+01 -6.880064e-01 6.738183e+00
endloop
endfacet
facet normal 0 0 0
outer loop
vertex 2.785703e+01 -3.831120e+00 8.535914e+00
vertex 2.832399e+01 -4.475495e+00 7.189211e+00
vertex 2.838631e+01 -3.109886e+00 7.472258e+00
endloop
endfacet
facet normal 0 0 0
outer loop
vertex 1.949489e+01 4.049155e+00 8.587094e+00
vertex 1.692494e+01 3.927609e+00 9.777067e+00
vertex 1.731216e+01 5.497687e+00 9.827101e+00
endloop
endfacet
facet normal 0 0 0
outer loop
vertex 1.127979e+01 -5.477465e+00 1.311862e+01
vertex 1.227099e+01 -3.772159e+00 1.228366e+01
vertex 1.359916e+01 -4.642087e+00 1.163680e+01
endloop
endfacet
facet normal 0 0 0
outer loop
vertex 1.166828e+01 4.276635e+00 1.270184e+01
vertex 1.036139e+01 5.829993e+00 1.374532e+01
vertex 1.222983e+01 5.626849e+00 1.258014e+01
endloop
endfacet
facet normal 0 0 0
outer loop
vertex 1.501904e+01 -6.309523e+00 1.960204e+01
vertex 1.512733e+01 -3.463266e+00 1.984336e+01
vertex 1.395719e+01 -5.587139e+00 2.001024e+01
endloop
endfacet
facet normal 0 0 0
outer loop
vertex 1.484676e+01 6.226767e+00 1.958804e+01
vertex 1.537014e+01 7.339877e+00 1.922079e+01
vertex 1.342478e+01 8.383027e+00 1.967730e+01
endloop
endfacet
facet normal 0 0 0
outer loop
vertex 5.427808e+00 -3.313665e+00 2.085051e+01
vertex 3.593390e+00 -4.848350e+00 2.085078e+01
vertex 5.005229e+00 -6.754889e+00 2.084841e+01
endloop
endfacet
facet normal 0 0 0
outer loop
vertex 1.779632e-01 5.175777e+00 2.085078e+01
vertex 2.903094e+00 5.211995e+00 1.877014e+01
vertex 1.971235e+00 3.041489e+00 1.921190e+01
endloop
endfacet
facet normal 0 0 0
outer loop
vertex 1.731801e+01 -1.349768e+01 1.230630e+01
vertex 1.601679e+01 -1.470046e+01 1.347813e+01
vertex 1.476475e+01 -1.310103e+01 1.339094e+01
endloop
endfacet
facet normal 0 0 0
outer loop
vertex 2.821662e+01 -6.009141e-01 8.213021e+00
vertex 2.861149e+01 -1.807823e+00 7.125598e+00
vertex 2.881822e+01 -5.063602e-01 6.643975e+00
endloop
endfacet
facet normal 0 0 0
outer loop
vertex 2.812830e+01 -1.841678e+00 8.325937e+00
vertex 2.861149e+01 -1.807823e+00 7.125598e+00
vertex 2.821662e+01 -6.009141e-01 8.213021e+00
endloop
endfacet
facet normal 0 0 0
outer loop
vertex 7.290784e-01 1.033489e+00 2.005628e+01
vertex -3.047553e-01 1.780338e-01 2.085078e+01
vertex -1.304690e-01 3.075104e+00 2.085078e+01
endloop
endfacet
facet normal 0 0 0
outer loop
vertex 6.001358e+00 -1.536692e+01 1.965265e+01
vertex 5.860516e+00 -1.348159e+01 2.019013e+01
vertex 4.766226e+00 -1.440416e+01 2.007456e+01
endloop
endfacet
facet normal 0 0 0
outer loop
vertex 2.151781e+01 1.233587e+01 1.003781e+01
vertex 2.307262e+01 1.150751e+01 9.145659e+00
vertex 2.180139e+01 9.932617e+00 9.023528e+00
endloop
endfacet
facet normal 0 0 0
outer loop
vertex 2.475895e+01 -1.158836e+01 1.029910e+01
vertex 2.410825e+01 -1.364461e+01 9.720273e+00
vertex 2.519144e+01 -1.244748e+01 8.863677e+00
endloop
endfacet
facet normal 0 0 0
outer loop
vertex 1.069489e+01 -9.038988e+00 1.427401e+01
vertex 8.974195e+00 -9.047882e+00 1.535216e+01
vertex 9.232291e+00 -7.136843e+00 1.471671e+01
endloop
endfacet
facet normal 0 0 0
outer loop
vertex 3.357418e+00 3.680292e+00 2.085075e+01
vertex 5.081478e+00 6.785429e-01 2.085078e+01
vertex 6.173377e+00 2.530319e+00 2.085061e+01
endloop
endfacet
facet normal 0 0 0
outer loop
vertex 2.121747e+01 1.063963e+01 1.470014e+01
vertex 2.241771e+01 1.018480e+01 1.376215e+01
vertex 2.187783e+01 1.139514e+01 1.369740e+01
endloop
endfacet
facet normal 0 0 0
outer loop
vertex 3.872772e+00 -9.588239e+00 1.900962e+01
vertex 2.701059e+00 -7.341165e+00 1.931363e+01
vertex 4.566051e+00 -7.640154e+00 1.800395e+01
endloop
endfacet
facet normal 0 0 0
outer loop
vertex 1.239530e+01 7.400308e+00 2.011122e+01
vertex 1.168220e+01 9.283962e+00 1.996873e+01
vertex 1.158769e+01 7.160537e+00 2.031359e+01
endloop
endfacet
facet normal 0 0 0
outer loop
vertex 1.242875e+01 5.525817e+00 2.032329e+01
vertex 1.239530e+01 7.400308e+00 2.011122e+01
vertex 1.158769e+01 7.160537e+00 2.031359e+01
endloop
endfacet
facet normal 0 0 0
outer loop
vertex 1.349098e+01 -1.157770e+01 1.347379e+01
vertex 1.337951e+01 -9.870102e+00 1.295690e+01
vertex 1.506185e+01 -1.039773e+01 1.222107e+01
endloop
endfacet
facet normal 0 0 0
outer loop
vertex 2.422458e+01 1.250040e+01 9.973791e+00
vertex 2.457187e+01 1.125206e+01 1.040257e+01
vertex 2.459713e+01 1.271972e+01 9.153046e+00
endloop
endfacet
facet normal 0 0 0
outer loop
vertex 2.459713e+01 1.271972e+01 9.153046e+00
vertex 2.457187e+01 1.125206e+01 1.040257e+01
vertex 2.557559e+01 1.041677e+01 9.310103e+00
endloop
endfacet
facet normal 0 0 0
outer loop
vertex 2.662105e+01 5.806707e+00 6.362383e+00
vertex 2.452131e+01 5.105525e+00 6.837801e+00
vertex 2.494586e+01 6.296794e+00 6.939668e+00
endloop
endfacet
facet normal 0 0 0
outer loop
vertex 2.529272e+01 9.652531e+00 1.033974e+01
vertex 2.428255e+01 1.044852e+01 1.137132e+01
vertex 2.445428e+01 9.045828e+00 1.192087e+01
endloop
endfacet
facet normal 0 0 0
outer loop
vertex 2.752196e+01 1.294407e+00 5.572112e+00
vertex 2.620354e+01 2.629894e+00 6.003398e+00
vertex 2.725908e+01 3.555553e+00 5.830012e+00
endloop
endfacet
facet normal 0 0 0
outer loop
vertex 2.566707e+01 1.532338e+00 6.077012e+00
vertex 2.620354e+01 2.629894e+00 6.003398e+00
vertex 2.752196e+01 1.294407e+00 5.572112e+00
endloop
endfacet
facet normal 0 0 0
outer loop
vertex 1.284585e+01 1.017761e+01 1.946818e+01
vertex 1.168220e+01 9.283962e+00 1.996873e+01
vertex 1.342478e+01 8.383027e+00 1.967730e+01
endloop
endfacet
facet normal 0 0 0
outer loop
vertex 1.105583e+01 -1.523752e+01 1.639458e+01
vertex 1.023312e+01 -1.252149e+01 1.572142e+01
vertex 1.221109e+01 -1.351725e+01 1.495799e+01
endloop
endfacet
facet normal 0 0 0
outer loop
vertex 7.324225e+00 8.818315e+00 2.069178e+01
vertex 7.148324e+00 1.056692e+01 2.049026e+01
vertex 5.313705e+00 1.113780e+01 2.056587e+01
endloop
endfacet
facet normal 0 0 0
outer loop
vertex 2.588382e+01 -1.048268e+00 5.994498e+00
vertex 2.622096e+01 -3.159628e+00 6.052312e+00
vertex 2.455737e+01 -2.080219e+00 6.452168e+00
endloop
endfacet
facet normal 0 0 0
outer loop
vertex 2.098041e+01 1.357225e+01 1.330691e+01
vertex 2.046789e+01 1.488779e+01 1.290113e+01
vertex 1.977304e+01 1.393838e+01 1.421069e+01
endloop
endfacet
facet normal 0 0 0
outer loop
vertex 2.046789e+01 1.488779e+01 1.290113e+01
vertex 2.164794e+01 1.385531e+01 1.239624e+01
vertex 2.043617e+01 1.590721e+01 1.213206e+01
endloop
endfacet
facet normal 0 0 0
outer loop
vertex 1.360978e+01 -6.620944e+00 1.198329e+01
vertex 1.413189e+01 -8.377389e+00 1.211284e+01
vertex 1.193128e+01 -7.693591e+00 1.318453e+01
endloop
endfacet
facet normal 0 0 0
outer loop
vertex 9.649261e+00 1.107670e+01 2.003609e+01
vertex 9.985790e+00 1.247566e+01 1.961727e+01
vertex 8.521683e+00 1.261762e+01 1.987698e+01
endloop
endfacet
facet normal 0 0 0
outer loop
vertex 9.969271e+00 7.759440e+00 2.051579e+01
vertex 8.445478e+00 1.018238e+01 2.039684e+01
vertex 7.324225e+00 8.818315e+00 2.069178e+01
endloop
endfacet
facet normal 0 0 0
outer loop
vertex 9.969271e+00 7.759440e+00 2.051579e+01
vertex 1.006711e+01 9.301658e+00 2.029051e+01
vertex 8.445478e+00 1.018238e+01 2.039684e+01
endloop
endfacet
facet normal 0 0 0
outer loop
vertex 7.324225e+00 8.818315e+00 2.069178e+01
vertex 7.917242e+00 7.146181e+00 2.077225e+01
vertex 9.969271e+00 7.759440e+00 2.051579e+01
endloop
endfacet
facet normal 0 0 0
outer loop
vertex 2.410825e+01 -1.364461e+01 9.720273e+00
vertex 2.169318e+01 -1.303467e+01 1.027347e+01
vertex 2.371075e+01 -1.181758e+01 9.058261e+00
endloop
endfacet
facet normal 0 0 0
outer loop
vertex 1.049190e+01 -8.549528e+00 2.041230e+01
vertex 9.267129e+00 -8.930525e+00 2.054493e+01
vertex 9.664655e+00 -1.060044e+01 2.024664e+01
endloop
endfacet
facet normal 0 0 0
outer loop
vertex 1.300486e+01 -1.777597e+01 1.661450e+01
vertex 1.159731e+01 -1.761192e+01 1.730135e+01
vertex 1.457244e+01 -1.780820e+01 1.580929e+01
endloop
endfacet
facet normal 0 0 0
outer loop
vertex 1.616739e+01 -1.441384e+01 1.681053e+01
vertex 1.493416e+01 -1.482687e+01 1.726569e+01
vertex 1.548090e+01 -1.621544e+01 1.625773e+01
endloop
endfacet
facet normal 0 0 0
outer loop
vertex 1.603815e+01 1.242640e+00 1.961910e+01
vertex 1.471268e+01 1.418116e+00 2.003796e+01
vertex 1.490109e+01 -3.417069e-01 2.001199e+01
endloop
endfacet
facet normal 0 0 0
outer loop
vertex 2.513252e+01 -9.595232e+00 1.098515e+01
vertex 2.483176e+01 -8.563560e+00 1.193708e+01
vertex 2.433460e+01 -1.081409e+01 1.144476e+01
endloop
endfacet
facet normal 0 0 0
outer loop
vertex 1.342478e+01 8.383027e+00 1.967730e+01
vertex 1.387675e+01 6.055317e+00 1.991033e+01
vertex 1.484676e+01 6.226767e+00 1.958804e+01
endloop
endfacet
facet normal 0 0 0
outer loop
vertex 1.239530e+01 7.400308e+00 2.011122e+01
vertex 1.387675e+01 6.055317e+00 1.991033e+01
vertex 1.342478e+01 8.383027e+00 1.967730e+01
endloop
endfacet
facet normal 0 0 0
outer loop
vertex 6.001358e+00 -1.536692e+01 1.965265e+01
vertex 4.766226e+00 -1.440416e+01 2.007456e+01
vertex 6.710572e+00 -1.294316e+01 1.815069e+01
endloop
endfacet
facet normal 0 0 0
outer loop
vertex 1.548090e+01 -1.621544e+01 1.625773e+01
vertex 1.457244e+01 -1.780820e+01 1.580929e+01
vertex 1.627845e+01 -1.762652e+01 1.487275e+01
endloop
endfacet
facet normal 0 0 0
outer loop
vertex 2.827364e+01 6.261244e+00 6.053225e+00
vertex 2.662105e+01 5.806707e+00 6.362383e+00
vertex 2.765088e+01 7.945508e+00 6.614623e+00
endloop
endfacet
facet normal 0 0 0
outer loop
vertex 2.320418e+01 1.406289e+01 1.020623e+01
vertex 2.189796e+01 1.504415e+01 1.114000e+01
vertex 2.240147e+01 1.385725e+01 1.148206e+01
endloop
endfacet
facet normal 0 0 0
outer loop
vertex 1.918888e+01 9.267280e+00 1.679126e+01
vertex 1.796719e+01 8.817070e+00 1.767308e+01
vertex 1.931719e+01 7.790778e+00 1.714144e+01
endloop
endfacet
facet normal 0 0 0
outer loop
vertex 2.834896e+01 -6.490482e+00 6.088333e+00
vertex 2.790603e+01 -5.915262e+00 7.631278e+00
vertex 2.764123e+01 -8.408462e+00 6.754380e+00
endloop
endfacet
facet normal 0 0 0
outer loop
vertex 2.790603e+01 -5.915262e+00 7.631278e+00
vertex 2.834896e+01 -6.490482e+00 6.088333e+00
vertex 2.832399e+01 -4.475495e+00 7.189211e+00
endloop
endfacet
facet normal 0 0 0
outer loop
vertex 1.658535e+00 -1.021205e+01 2.082745e+01
vertex 3.872772e+00 -9.588239e+00 1.900962e+01
vertex 2.454809e+00 -1.173145e+01 2.071132e+01
endloop
endfacet
facet normal 0 0 0
outer loop
vertex 2.188264e+01 -1.090980e+01 9.338212e+00
vertex 1.982117e+01 -1.047541e+01 9.998169e+00
vertex 2.084672e+01 -9.539542e+00 9.264708e+00
endloop
endfacet
facet normal 0 0 0
outer loop
vertex 1.423628e+01 1.749068e+01 1.580067e+01
vertex 1.366901e+01 1.651361e+01 1.668230e+01
vertex 1.491357e+01 1.682809e+01 1.583782e+01
endloop
endfacet
facet normal 0 0 0
outer loop
vertex 2.701059e+00 -7.341165e+00 1.931363e+01
vertex 3.872772e+00 -9.588239e+00 1.900962e+01
vertex 1.658535e+00 -1.021205e+01 2.082745e+01
endloop
endfacet
facet normal 0 0 0
outer loop
vertex 7.346745e+00 1.265163e+01 1.761128e+01
vertex 9.462539e+00 1.168136e+01 1.588244e+01
vertex 6.974916e+00 1.012518e+01 1.698663e+01
endloop
endfacet
facet normal 0 0 0
outer loop
vertex 1.329526e+01 -1.873083e+00 2.039202e+01
vertex 1.387717e+01 -3.472383e-01 2.028166e+01
vertex 1.192509e+01 3.940558e-01 2.064584e+01
endloop
endfacet
facet normal 0 0 0
outer loop
vertex 4.270968e+00 -1.724716e+00 1.739886e+01
vertex 9.889117e-01 -1.647554e+00 1.987697e+01
vertex 2.891823e+00 8.682427e-01 1.839136e+01
endloop
endfacet
facet normal 0 0 0
outer loop
vertex 1.422913e+01 1.190527e+01 1.319511e+01
vertex 1.580806e+01 1.035156e+01 1.182003e+01
vertex 1.338513e+01 9.494650e+00 1.283860e+01
endloop
endfacet
facet normal 0 0 0
outer loop
vertex 2.368445e+01 9.570039e+00 8.238746e+00
vertex 2.307262e+01 1.150751e+01 9.145659e+00
vertex 2.572028e+01 1.134783e+01 8.258574e+00
endloop
endfacet
facet normal 0 0 0
outer loop
vertex 2.374254e+01 -1.939746e+00 1.474412e+01
vertex 2.375678e+01 -3.704536e+00 1.454440e+01
vertex 2.449606e+01 -2.450660e+00 1.390965e+01
endloop
endfacet
facet normal 0 0 0
outer loop
vertex 1.437948e+01 -1.636402e+01 1.675786e+01
vertex 1.457244e+01 -1.780820e+01 1.580929e+01
vertex 1.548090e+01 -1.621544e+01 1.625773e+01
endloop
endfacet
facet normal 0 0 0
outer loop
vertex 1.437948e+01 -1.636402e+01 1.675786e+01
vertex 1.300486e+01 -1.777597e+01 1.661450e+01
vertex 1.457244e+01 -1.780820e+01 1.580929e+01
endloop
endfacet
facet normal 0 0 0
outer loop
vertex 1.384682e+01 1.394692e+01 1.424262e+01
vertex 1.243459e+01 1.585545e+01 1.591700e+01
vertex 1.466045e+01 1.579742e+01 1.469580e+01
endloop
endfacet
facet normal 0 0 0
outer loop
vertex 1.243459e+01 1.585545e+01 1.591700e+01
vertex 1.384682e+01 1.394692e+01 1.424262e+01
vertex 1.246197e+01 1.358123e+01 1.484486e+01
endloop
endfacet
facet normal 0 0 0
outer loop
vertex 1.544161e+01 1.375676e+01 1.721987e+01
vertex 1.376645e+01 1.529862e+01 1.728719e+01
vertex 1.407072e+01 1.362733e+01 1.792025e+01
endloop
endfacet
facet normal 0 0 0
outer loop
vertex 1.376645e+01 1.529862e+01 1.728719e+01
vertex 1.544161e+01 1.375676e+01 1.721987e+01
vertex 1.512568e+01 1.533191e+01 1.660226e+01
endloop
endfacet
facet normal 0 0 0
outer loop
vertex 2.588746e+01 -9.510244e+00 9.801950e+00
vertex 2.619042e+01 -7.693458e+00 1.026932e+01
vertex 2.554335e+01 -8.066201e+00 1.113944e+01
endloop
endfacet
facet normal 0 0 0
outer loop
vertex 1.501904e+01 -6.309523e+00 1.960204e+01
vertex 1.364251e+01 -7.355673e+00 1.988260e+01
vertex 1.528038e+01 -7.414093e+00 1.934752e+01
endloop
endfacet
facet normal 0 0 0
outer loop
vertex 9.985790e+00 1.247566e+01 1.961727e+01
vertex 8.058656e+00 1.444810e+01 1.941506e+01
vertex 8.521683e+00 1.261762e+01 1.987698e+01
endloop
endfacet
facet normal 0 0 0
outer loop
vertex 1.058419e+01 1.706823e+00 2.077530e+01
vertex 1.192509e+01 3.940558e-01 2.064584e+01
vertex 1.206871e+01 2.791060e+00 2.056711e+01
endloop
endfacet
facet normal 0 0 0
outer loop
vertex 2.821662e+01 -6.009141e-01 8.213021e+00
vertex 2.881822e+01 -5.063602e-01 6.643975e+00
vertex 2.883863e+01 7.146270e-01 6.534423e+00
endloop
endfacet
facet normal 0 0 0
outer loop
vertex 1.871818e+01 1.507269e+01 1.437376e+01
vertex 1.944680e+01 1.517283e+01 1.367939e+01
vertex 1.881288e+01 1.661912e+01 1.317247e+01
endloop
endfacet
facet normal 0 0 0
outer loop
vertex 1.881288e+01 1.661912e+01 1.317247e+01
vertex 1.944680e+01 1.517283e+01 1.367939e+01
vertex 2.046789e+01 1.488779e+01 1.290113e+01
endloop
endfacet
facet normal 0 0 0
outer loop
vertex 5.345626e+00 8.290651e+00 2.082082e+01
vertex 3.357418e+00 3.680292e+00 2.085075e+01
vertex 6.697124e+00 6.091720e+00 2.084822e+01
endloop
endfacet
facet normal 0 0 0
outer loop
vertex 1.918888e+01 9.267280e+00 1.679126e+01
vertex 1.931156e+01 1.036743e+01 1.632349e+01
vertex 1.816770e+01 9.785580e+00 1.726377e+01
endloop
endfacet
facet normal 0 0 0
outer loop
vertex 2.371075e+01 -1.181758e+01 9.058261e+00
vertex 2.169318e+01 -1.303467e+01 1.027347e+01
vertex 2.188264e+01 -1.090980e+01 9.338212e+00
endloop
endfacet
facet normal 0 0 0
outer loop
vertex 2.245305e+01 -8.673775e+00 8.385799e+00
vertex 2.351901e+01 -1.019418e+01 8.504670e+00
vertex 2.188264e+01 -1.090980e+01 9.338212e+00
endloop
endfacet
facet normal 0 0 0
outer loop
vertex 2.215639e+01 3.836981e+00 1.590880e+01
vertex 2.149090e+01 4.984098e+00 1.624545e+01
vertex 2.071217e+01 3.480415e+00 1.705332e+01
endloop
endfacet
facet normal 0 0 0
outer loop
vertex 2.130060e+01 2.320921e+00 1.675916e+01
vertex 2.215639e+01 3.836981e+00 1.590880e+01
vertex 2.071217e+01 3.480415e+00 1.705332e+01
endloop
endfacet
facet normal 0 0 0
outer loop
vertex 2.752196e+01 1.294407e+00 5.572112e+00
vertex 2.916958e+01 1.879586e+00 5.229785e+00
vertex 2.926345e+01 3.100366e-01 5.155576e+00
endloop
endfacet
facet normal 0 0 0
outer loop
vertex 2.230033e+01 -1.476185e+00 1.607941e+01
vertex 2.112190e+01 -8.267972e-01 1.700037e+01
vertex 2.147331e+01 -2.454304e+00 1.666753e+01
endloop
endfacet
facet normal 0 0 0
outer loop
vertex 4.624316e+00 -9.270409e+00 2.082424e+01
vertex 6.647437e+00 -8.207024e+00 2.080927e+01
vertex 5.005229e+00 -6.754889e+00 2.084841e+01
endloop
endfacet
facet normal 0 0 0
outer loop
vertex 1.004679e+01 9.916445e+00 1.493199e+01
vertex 1.109234e+01 1.118536e+01 1.471223e+01
vertex 1.172860e+01 9.412204e+00 1.376440e+01
endloop
endfacet
facet normal 0 0 0
outer loop
vertex 1.109234e+01 1.118536e+01 1.471223e+01
vertex 1.004679e+01 9.916445e+00 1.493199e+01
vertex 9.462539e+00 1.168136e+01 1.588244e+01
endloop
endfacet
facet normal 0 0 0
outer loop
vertex 1.547157e+01 3.131685e+00 1.971503e+01
vertex 1.471268e+01 1.418116e+00 2.003796e+01
vertex 1.603815e+01 1.242640e+00 1.961910e+01
endloop
endfacet
facet normal 0 0 0
outer loop
vertex 1.022991e+01 3.359353e+00 1.347600e+01
vertex 1.230350e+01 2.929710e+00 1.217724e+01
vertex 1.045641e+01 1.412142e+00 1.319294e+01
endloop
endfacet
facet normal 0 0 0
outer loop
vertex 1.045641e+01 1.412142e+00 1.319294e+01
vertex 1.230350e+01 2.929710e+00 1.217724e+01
vertex 1.249665e+01 1.107093e+00 1.194631e+01
endloop
endfacet
facet normal 0 0 0
outer loop
vertex -3.047553e-01 1.780338e-01 2.085078e+01
vertex 9.889117e-01 -1.647554e+00 1.987697e+01
vertex -2.624041e-01 -1.556290e+00 2.085078e+01
endloop
endfacet
facet normal 0 0 0
outer loop
vertex -3.047553e-01 1.780338e-01 2.085078e+01
vertex 7.290784e-01 1.033489e+00 2.005628e+01
vertex 9.889117e-01 -1.647554e+00 1.987697e+01
endloop
endfacet
facet normal 0 0 0
outer loop
vertex 5.426980e+00 -1.030173e+01 2.072889e+01
vertex 6.985220e+00 -1.024643e+01 2.063078e+01
vertex 6.647437e+00 -8.207024e+00 2.080927e+01
endloop
endfacet
facet normal 0 0 0
outer loop
vertex 5.426980e+00 -1.030173e+01 2.072889e+01
vertex 6.647437e+00 -8.207024e+00 2.080927e+01
vertex 4.624316e+00 -9.270409e+00 2.082424e+01
endloop
endfacet
facet normal 0 0 0
outer loop
vertex 6.974916e+00 1.012518e+01 1.698663e+01
vertex 9.462539e+00 1.168136e+01 1.588244e+01
vertex 8.330298e+00 9.250272e+00 1.582743e+01
endloop
endfacet
facet normal 0 0 0
outer loop
vertex 2.821662e+01 -6.009141e-01 8.213021e+00
vertex 2.883863e+01 7.146270e-01 6.534423e+00
vertex 2.835404e+01 7.824453e-01 7.846961e+00
endloop
endfacet
facet normal 0 0 0
outer loop
vertex 9.566833e+00 1.682781e+01 1.807278e+01
vertex 8.431446e+00 1.641063e+01 1.856478e+01
vertex 9.550406e+00 1.574699e+01 1.856954e+01
endloop
endfacet
facet normal 0 0 0
outer loop
vertex 7.356734e+00 1.371465e+01 1.976580e+01
vertex 7.281195e+00 1.261620e+01 2.007172e+01
vertex 8.521683e+00 1.261762e+01 1.987698e+01
endloop
endfacet
facet normal 0 0 0
outer loop
vertex 1.625253e+01 -1.167070e+01 1.206834e+01
vertex 1.476475e+01 -1.310103e+01 1.339094e+01
vertex 1.506185e+01 -1.039773e+01 1.222107e+01
endloop
endfacet
facet normal 0 0 0
outer loop
vertex 2.327448e+01 1.042045e+01 1.269374e+01
vertex 2.241771e+01 1.018480e+01 1.376215e+01
vertex 2.311339e+01 9.485311e+00 1.334337e+01
endloop
endfacet
facet normal 0 0 0
outer loop
vertex 1.248625e+01 -1.125326e+01 1.945953e+01
vertex 1.280882e+01 -9.697778e+00 1.971772e+01
vertex 1.092737e+01 -1.074401e+01 1.997096e+01
endloop
endfacet
facet normal 0 0 0
outer loop
vertex 2.160780e+01 -1.562748e+01 1.154458e+01
vertex 2.068909e+01 -1.615633e+01 1.216818e+01
vertex 1.842510e+01 -1.531620e+01 1.267133e+01
endloop
endfacet
facet normal 0 0 0
outer loop
vertex 1.905025e+01 -9.778723e+00 1.691504e+01
vertex 1.940118e+01 -8.185698e+00 1.714428e+01
vertex 1.823072e+01 -8.797048e+00 1.769398e+01
endloop
endfacet
facet normal 0 0 0
outer loop
vertex 1.823072e+01 -8.797048e+00 1.769398e+01
vertex 1.940118e+01 -8.185698e+00 1.714428e+01
vertex 1.863026e+01 -6.927762e+00 1.789652e+01
endloop
endfacet
facet normal 0 0 0
outer loop
vertex 2.429818e+01 -6.017965e+00 1.349013e+01
vertex 2.510188e+01 -6.463099e+00 1.237348e+01
vertex 2.517612e+01 -4.677827e+00 1.275788e+01
endloop
endfacet
facet normal 0 0 0
outer loop
vertex 1.851205e+01 -4.913162e+00 9.160335e+00
vertex 1.653785e+01 -4.671530e+00 1.007388e+01
vertex 1.764267e+01 -3.454787e+00 9.368060e+00
endloop
endfacet
facet normal 0 0 0
outer loop
vertex 2.003627e+01 -9.276768e+00 1.640053e+01
vertex 1.940118e+01 -8.185698e+00 1.714428e+01
vertex 1.905025e+01 -9.778723e+00 1.691504e+01
endloop
endfacet
facet normal 0 0 0
outer loop
vertex 1.827944e+01 6.046791e+00 1.813967e+01
vertex 1.832140e+01 4.328090e+00 1.838610e+01
vertex 1.917356e+01 4.959096e+00 1.782668e+01
endloop
endfacet
facet normal 0 0 0
outer loop
vertex 1.881288e+01 1.661912e+01 1.317247e+01
vertex 1.895034e+01 1.435321e+01 1.196915e+01
vertex 1.636559e+01 1.471387e+01 1.331711e+01
endloop
endfacet
facet normal 0 0 0
outer loop
vertex 2.622096e+01 -3.159628e+00 6.052312e+00
vertex 2.677358e+01 -4.673090e+00 6.113705e+00
vertex 2.565607e+01 -5.185392e+00 6.509191e+00
endloop
endfacet
facet normal 0 0 0
outer loop
vertex 2.872886e+01 4.602351e+00 5.635041e+00
vertex 2.662105e+01 5.806707e+00 6.362383e+00
vertex 2.827364e+01 6.261244e+00 6.053225e+00
endloop
endfacet
facet normal 0 0 0
outer loop
vertex 2.241771e+01 1.018480e+01 1.376215e+01
vertex 2.121747e+01 1.063963e+01 1.470014e+01
vertex 2.177580e+01 9.568462e+00 1.465925e+01
endloop
endfacet
facet normal 0 0 0
outer loop
vertex 1.243459e+01 1.585545e+01 1.591700e+01
vertex 1.303583e+01 1.746258e+01 1.642066e+01
vertex 1.423628e+01 1.749068e+01 1.580067e+01
endloop
endfacet
facet normal 0 0 0
outer loop
vertex 1.767933e+01 -1.349706e+01 1.634459e+01
vertex 1.881784e+01 -1.247931e+01 1.604785e+01
vertex 1.721630e+01 -1.256082e+01 1.703249e+01
endloop
endfacet
facet normal 0 0 0
outer loop
vertex 1.721630e+01 -1.256082e+01 1.703249e+01
vertex 1.881784e+01 -1.247931e+01 1.604785e+01
vertex 1.835063e+01 -1.147381e+01 1.677151e+01
endloop
endfacet
facet normal 0 0 0
outer loop
vertex 1.359916e+01 -4.642087e+00 1.163680e+01
vertex 1.360978e+01 -6.620944e+00 1.198329e+01
vertex 1.127979e+01 -5.477465e+00 1.311862e+01
endloop
endfacet
facet normal 0 0 0
outer loop
vertex 1.775412e+01 9.556633e-01 9.132680e+00
vertex 1.648409e+01 2.317126e+00 9.834750e+00
vertex 1.851669e+01 2.647576e+00 8.875709e+00
endloop
endfacet
facet normal 0 0 0
outer loop
vertex 1.648409e+01 2.317126e+00 9.834750e+00
vertex 1.692494e+01 3.927609e+00 9.777067e+00
vertex 1.851669e+01 2.647576e+00 8.875709e+00
endloop
endfacet
facet normal 0 0 0
outer loop
vertex 1.512568e+01 1.533191e+01 1.660226e+01
vertex 1.491357e+01 1.682809e+01 1.583782e+01
vertex 1.366901e+01 1.651361e+01 1.668230e+01
endloop
endfacet
facet normal 0 0 0
outer loop
vertex 2.512462e+01 4.795737e+00 1.265200e+01
vertex 2.528609e+01 6.195242e+00 1.201351e+01
vertex 2.421682e+01 6.093471e+00 1.339143e+01
endloop
endfacet
facet normal 0 0 0
outer loop
vertex 2.528609e+01 6.195242e+00 1.201351e+01
vertex 2.461528e+01 7.590384e+00 1.237581e+01
vertex 2.421682e+01 6.093471e+00 1.339143e+01
endloop
endfacet
facet normal 0 0 0
outer loop
vertex 6.754359e+00 1.175359e+01 2.032745e+01
vertex 5.313705e+00 1.113780e+01 2.056587e+01
vertex 7.148324e+00 1.056692e+01 2.049026e+01
endloop
endfacet
facet normal 0 0 0
outer loop
vertex 5.313705e+00 1.113780e+01 2.056587e+01
vertex 6.754359e+00 1.175359e+01 2.032745e+01
vertex 5.472500e+00 1.301499e+01 2.019523e+01
endloop
endfacet
facet normal 0 0 0
outer loop
vertex 2.293705e+00 7.184502e+00 1.958704e+01
vertex 2.903094e+00 5.211995e+00 1.877014e+01
vertex 1.779632e-01 5.175777e+00 2.085078e+01
endloop
endfacet
facet normal 0 0 0
outer loop
vertex 8.544106e+00 -1.191344e+01 1.655203e+01
vertex 7.584344e+00 -1.043190e+01 1.667481e+01
vertex 9.902520e+00 -1.051433e+01 1.520791e+01
endloop
endfacet
facet normal 0 0 0
outer loop
vertex 9.902520e+00 -1.051433e+01 1.520791e+01
vertex 1.023312e+01 -1.252149e+01 1.572142e+01
vertex 8.544106e+00 -1.191344e+01 1.655203e+01
endloop
endfacet
facet normal 0 0 0
outer loop
vertex 2.846169e+01 4.174153e+00 6.669365e+00
vertex 2.812163e+01 3.623049e+00 7.794994e+00
vertex 2.872397e+01 2.138778e+00 6.628442e+00
endloop
endfacet
facet normal 0 0 0
outer loop
vertex 2.149090e+01 4.984098e+00 1.624545e+01
vertex 2.036234e+01 4.559005e+00 1.713782e+01
vertex 2.071217e+01 3.480415e+00 1.705332e+01
endloop
endfacet
facet normal 0 0 0
outer loop
vertex 2.210789e+01 7.144516e+00 1.521296e+01
vertex 2.264813e+01 8.659928e+00 1.418450e+01
vertex 2.177580e+01 9.568462e+00 1.465925e+01
endloop
endfacet
facet normal 0 0 0
outer loop
vertex 2.300752e+01 7.204805e+00 1.434540e+01
vertex 2.264813e+01 8.659928e+00 1.418450e+01
vertex 2.210789e+01 7.144516e+00 1.521296e+01
endloop
endfacet
facet normal 0 0 0
outer loop
vertex 2.429818e+01 -6.017965e+00 1.349013e+01
vertex 2.442505e+01 -7.498644e+00 1.288135e+01
vertex 2.510188e+01 -6.463099e+00 1.237348e+01
endloop
endfacet
facet normal 0 0 0
outer loop
vertex 1.164938e+01 -1.110697e+01 1.434707e+01
vertex 1.349098e+01 -1.157770e+01 1.347379e+01
vertex 1.221109e+01 -1.351725e+01 1.495799e+01
endloop
endfacet
facet normal 0 0 0
outer loop
vertex 1.433310e+01 -2.035352e+00 2.014232e+01
vertex 1.512733e+01 -3.463266e+00 1.984336e+01
vertex 1.565082e+01 -1.027406e+00 1.977225e+01
endloop
endfacet
facet normal 0 0 0
outer loop
vertex 1.128795e+01 3.559580e+00 2.064693e+01
vertex 1.242875e+01 5.525817e+00 2.032329e+01
vertex 1.097217e+01 5.773765e+00 2.054576e+01
endloop
endfacet
facet normal 0 0 0
outer loop
vertex 1.206871e+01 2.791060e+00 2.056711e+01
vertex 1.242875e+01 5.525817e+00 2.032329e+01
vertex 1.128795e+01 3.559580e+00 2.064693e+01
endloop
endfacet
facet normal 0 0 0
outer loop
vertex 1.222983e+01 5.626849e+00 1.258014e+01
vertex 1.156137e+01 7.635881e+00 1.338963e+01
vertex 1.381989e+01 7.676324e+00 1.210560e+01
endloop
endfacet
facet normal 0 0 0
outer loop
vertex 1.476475e+01 -1.310103e+01 1.339094e+01
vertex 1.625253e+01 -1.167070e+01 1.206834e+01
vertex 1.731801e+01 -1.349768e+01 1.230630e+01
endloop
endfacet
facet normal 0 0 0
outer loop
vertex 1.731801e+01 -1.349768e+01 1.230630e+01
vertex 1.625253e+01 -1.167070e+01 1.206834e+01
vertex 1.821755e+01 -1.161011e+01 1.111445e+01
endloop
endfacet
facet normal 0 0 0
outer loop
vertex 2.164794e+01 1.385531e+01 1.239624e+01
vertex 2.098041e+01 1.357225e+01 1.330691e+01
vertex 2.194446e+01 1.242409e+01 1.303582e+01
endloop
endfacet
facet normal 0 0 0
outer loop
vertex 2.280238e+00 -6.623729e+00 2.085075e+01
vertex 2.576113e+00 -2.692827e+00 2.085078e+01
vertex 2.836698e-01 -5.715882e+00 2.085078e+01
endloop
endfacet
facet normal 0 0 0
outer loop
vertex 1.156137e+01 7.635881e+00 1.338963e+01
vertex 1.222983e+01 5.626849e+00 1.258014e+01
vertex 1.036139e+01 5.829993e+00 1.374532e+01
endloop
endfacet
facet normal 0 0 0
outer loop
vertex 2.015867e+01 9.309223e+00 1.609742e+01
vertex 1.918888e+01 9.267280e+00 1.679126e+01
vertex 2.015932e+01 8.147757e+00 1.647257e+01
endloop
endfacet
facet normal 0 0 0
outer loop
vertex 9.742075e+00 5.956146e+00 2.069841e+01
vertex 1.128795e+01 3.559580e+00 2.064693e+01
vertex 1.097217e+01 5.773765e+00 2.054576e+01
endloop
endfacet
facet normal 0 0 0
outer loop
vertex 1.128795e+01 3.559580e+00 2.064693e+01
vertex 9.742075e+00 5.956146e+00 2.069841e+01
vertex 9.120306e+00 4.778844e+00 2.080155e+01
endloop
endfacet
facet normal 0 0 0
outer loop
vertex 2.349817e+01 5.551114e+00 1.432453e+01
vertex 2.465928e+01 3.897907e+00 1.342547e+01
vertex 2.421682e+01 6.093471e+00 1.339143e+01
endloop
endfacet
facet normal 0 0 0
outer loop
vertex 2.152277e+01 6.318764e+00 8.135612e+00
vertex 1.973500e+01 7.789439e+00 9.218132e+00
vertex 2.207033e+01 8.196348e+00 8.387227e+00
endloop
endfacet
facet normal 0 0 0
outer loop
vertex 2.152277e+01 6.318764e+00 8.135612e+00
vertex 1.961336e+01 5.826235e+00 8.827628e+00
vertex 1.973500e+01 7.789439e+00 9.218132e+00
endloop
endfacet
facet normal 0 0 0
outer loop
vertex 3.652540e+00 -5.295848e+00 1.822558e+01
vertex 2.091167e+00 -5.446264e+00 1.941819e+01
vertex 3.160559e+00 -3.207413e+00 1.832931e+01
endloop
endfacet
facet normal 0 0 0
outer loop
vertex 4.047629e+00 1.039490e+01 2.072896e+01
vertex 2.906910e+00 1.221925e+01 2.054580e+01
vertex 2.094349e+00 1.097485e+01 2.073178e+01
endloop
endfacet
facet normal 0 0 0
outer loop
vertex 2.835404e+01 7.824453e-01 7.846961e+00
vertex 2.817396e+01 2.043241e+00 8.094906e+00
vertex 2.788240e+01 8.546090e-01 8.907482e+00
endloop
endfacet
facet normal 0 0 0
outer loop
vertex 1.931719e+01 7.790778e+00 1.714144e+01
vertex 2.079039e+01 6.720943e+00 1.639802e+01
vertex 2.015932e+01 8.147757e+00 1.647257e+01
endloop
endfacet
facet normal 0 0 0
outer loop
vertex 2.725639e+01 7.721210e+00 7.772267e+00
vertex 2.765088e+01 7.945508e+00 6.614623e+00
vertex 2.665742e+01 9.082712e+00 8.147655e+00
endloop
endfacet
facet normal 0 0 0
outer loop
vertex 2.776370e+01 6.565297e+00 7.274705e+00
vertex 2.765088e+01 7.945508e+00 6.614623e+00
vertex 2.725639e+01 7.721210e+00 7.772267e+00
endloop
endfacet
facet normal 0 0 0
outer loop
vertex 2.042443e+01 -4.154664e+00 1.724200e+01
vertex 2.152067e+01 -5.220996e+00 1.628717e+01
vertex 2.172157e+01 -3.791934e+00 1.634779e+01
endloop
endfacet
facet normal 0 0 0
outer loop
vertex 1.775412e+01 9.556633e-01 9.132680e+00
vertex 1.851669e+01 2.647576e+00 8.875709e+00
vertex 2.021115e+01 1.094074e+00 8.025047e+00
endloop
endfacet
facet normal 0 0 0
outer loop
vertex 1.697012e+01 1.286229e+01 1.219634e+01
vertex 1.636559e+01 1.471387e+01 1.331711e+01
vertex 1.895034e+01 1.435321e+01 1.196915e+01
endloop
endfacet
facet normal 0 0 0
outer loop
vertex 1.493416e+01 -1.482687e+01 1.726569e+01
vertex 1.437948e+01 -1.636402e+01 1.675786e+01
vertex 1.548090e+01 -1.621544e+01 1.625773e+01
endloop
endfacet
facet normal 0 0 0
outer loop
vertex 1.866422e+01 -1.549774e+01 1.453824e+01
vertex 1.928186e+01 -1.434546e+01 1.474798e+01
vertex 1.796873e+01 -1.512839e+01 1.529056e+01
endloop
endfacet
facet normal 0 0 0
outer loop
vertex 1.899064e+01 -1.364010e+01 1.536179e+01
vertex 1.928186e+01 -1.434546e+01 1.474798e+01
vertex 2.049778e+01 -1.312371e+01 1.440113e+01
endloop
endfacet
facet normal 0 0 0
outer loop
vertex 1.366901e+01 1.651361e+01 1.668230e+01
vertex 1.303583e+01 1.746258e+01 1.642066e+01
vertex 1.185738e+01 1.735182e+01 1.700780e+01
endloop
endfacet
facet normal 0 0 0
outer loop
vertex 1.376645e+01 1.529862e+01 1.728719e+01
vertex 1.185738e+01 1.735182e+01 1.700780e+01
vertex 1.257614e+01 1.504537e+01 1.790675e+01
endloop
endfacet
facet normal 0 0 0
outer loop
vertex 1.366901e+01 1.651361e+01 1.668230e+01
vertex 1.185738e+01 1.735182e+01 1.700780e+01
vertex 1.376645e+01 1.529862e+01 1.728719e+01
endloop
endfacet
facet normal 0 0 0
outer loop
vertex 2.872397e+01 2.138778e+00 6.628442e+00
vertex 2.883863e+01 7.146270e-01 6.534423e+00
vertex 2.916958e+01 1.879586e+00 5.229785e+00
endloop
endfacet
facet normal 0 0 0
outer loop
vertex 2.832399e+01 -4.475495e+00 7.189211e+00
vertex 2.909291e+01 -3.036003e+00 5.347214e+00
vertex 2.838631e+01 -3.109886e+00 7.472258e+00
endloop
endfacet
facet normal 0 0 0
outer loop
vertex 2.510188e+01 -6.463099e+00 1.237348e+01
vertex 2.442505e+01 -7.498644e+00 1.288135e+01
vertex 2.483176e+01 -8.563560e+00 1.193708e+01
endloop
endfacet
facet normal 0 0 0
outer loop
vertex 2.237716e+01 -6.329384e+00 1.535006e+01
vertex 2.309450e+01 -5.032691e+00 1.497312e+01
vertex 2.249965e+01 -4.529817e+00 1.559920e+01
endloop
endfacet
facet normal 0 0 0
outer loop
vertex 2.046789e+01 1.488779e+01 1.290113e+01
vertex 1.944680e+01 1.517283e+01 1.367939e+01
vertex 1.977304e+01 1.393838e+01 1.421069e+01
endloop
endfacet
facet normal 0 0 0
outer loop
vertex 1.881288e+01 1.661912e+01 1.317247e+01
vertex 2.046789e+01 1.488779e+01 1.290113e+01
vertex 2.043617e+01 1.590721e+01 1.213206e+01
endloop
endfacet
facet normal 0 0 0
outer loop
vertex 1.796873e+01 -1.512839e+01 1.529056e+01
vertex 1.928186e+01 -1.434546e+01 1.474798e+01
vertex 1.899064e+01 -1.364010e+01 1.536179e+01
endloop
endfacet
facet normal 0 0 0
outer loop
vertex 2.169318e+01 -1.303467e+01 1.027347e+01
vertex 2.410825e+01 -1.364461e+01 9.720273e+00
vertex 2.289867e+01 -1.470199e+01 1.062426e+01
endloop
endfacet
facet normal 0 0 0
outer loop
vertex 1.977304e+01 1.393838e+01 1.421069e+01
vertex 1.871818e+01 1.507269e+01 1.437376e+01
vertex 1.922276e+01 1.327492e+01 1.505521e+01
endloop
endfacet
facet normal 0 0 0
outer loop
vertex 1.786378e+01 1.435809e+01 1.546277e+01
vertex 1.922276e+01 1.327492e+01 1.505521e+01
vertex 1.871818e+01 1.507269e+01 1.437376e+01
endloop
endfacet
facet normal 0 0 0
outer loop
vertex 2.483176e+01 -8.563560e+00 1.193708e+01
vertex 2.513252e+01 -9.595232e+00 1.098515e+01
vertex 2.554335e+01 -8.066201e+00 1.113944e+01
endloop
endfacet
facet normal 0 0 0
outer loop
vertex 9.742075e+00 5.956146e+00 2.069841e+01
vertex 9.969271e+00 7.759440e+00 2.051579e+01
vertex 7.917242e+00 7.146181e+00 2.077225e+01
endloop
endfacet
facet normal 0 0 0
outer loop
vertex 2.543251e+01 7.987713e+00 1.105197e+01
vertex 2.529272e+01 9.652531e+00 1.033974e+01
vertex 2.445428e+01 9.045828e+00 1.192087e+01
endloop
endfacet
facet normal 0 0 0
outer loop
vertex 2.611897e+01 8.674763e+00 9.523069e+00
vertex 2.529272e+01 9.652531e+00 1.033974e+01
vertex 2.543251e+01 7.987713e+00 1.105197e+01
endloop
endfacet
facet normal 0 0 0
outer loop
vertex 9.382337e+00 -7.178504e+00 2.069411e+01
vertex 1.004380e+01 -4.941530e+00 2.075117e+01
vertex 8.116846e+00 -5.794782e+00 2.082836e+01
endloop
endfacet
facet normal 0 0 0
outer loop
vertex 1.207635e+01 -1.375476e+01 1.883847e+01
vertex 1.155114e+01 -1.496289e+01 1.855916e+01
vertex 1.332185e+01 -1.463385e+01 1.806126e+01
endloop
endfacet
facet normal 0 0 0
outer loop
vertex 2.058435e+01 -6.366200e+00 1.676709e+01
vertex 2.177639e+01 -7.193653e+00 1.565816e+01
vertex 2.152067e+01 -5.220996e+00 1.628717e+01
endloop
endfacet
facet normal 0 0 0
outer loop
vertex 2.042443e+01 -4.154664e+00 1.724200e+01
vertex 2.058435e+01 -6.366200e+00 1.676709e+01
vertex 2.152067e+01 -5.220996e+00 1.628717e+01
endloop
endfacet
facet normal 0 0 0
outer loop
vertex 1.045641e+01 1.412142e+00 1.319294e+01
vertex 1.249665e+01 1.107093e+00 1.194631e+01
vertex 1.068391e+01 -6.448438e-02 1.301941e+01
endloop
endfacet
facet normal 0 0 0
outer loop
vertex 2.025082e+01 -1.133992e+00 1.758274e+01
vertex 2.022914e+01 -2.743844e+00 1.751089e+01
vertex 2.147331e+01 -2.454304e+00 1.666753e+01
endloop
endfacet
facet normal 0 0 0
outer loop
vertex 2.667814e+01 1.748744e+00 1.101821e+01
vertex 2.731975e+01 8.259919e-01 1.001455e+01
vertex 2.716112e+01 2.400776e+00 1.010157e+01
endloop
endfacet
facet normal 0 0 0
outer loop
vertex 1.395719e+01 -5.587139e+00 2.001024e+01
vertex 1.512733e+01 -3.463266e+00 1.984336e+01
vertex 1.321245e+01 -3.681996e+00 2.033918e+01
endloop
endfacet
facet normal 0 0 0
outer loop
vertex 1.164938e+01 -1.110697e+01 1.434707e+01
vertex 1.023312e+01 -1.252149e+01 1.572142e+01
vertex 9.902520e+00 -1.051433e+01 1.520791e+01
endloop
endfacet
facet normal 0 0 0
outer loop
vertex 2.264813e+01 8.659928e+00 1.418450e+01
vertex 2.300752e+01 7.204805e+00 1.434540e+01
vertex 2.382737e+01 7.841143e+00 1.323883e+01
endloop
endfacet
facet normal 0 0 0
outer loop
vertex 1.092737e+01 -1.074401e+01 1.997096e+01
vertex 1.280882e+01 -9.697778e+00 1.971772e+01
vertex 1.226518e+01 -8.763030e+00 2.002913e+01
endloop
endfacet
facet normal 0 0 0
outer loop
vertex 4.423698e+00 -1.202985e+01 1.939800e+01
vertex 4.766226e+00 -1.440416e+01 2.007456e+01
vertex 3.951705e+00 -1.363626e+01 2.033003e+01
endloop
endfacet
facet normal 0 0 0
outer loop
vertex 9.120306e+00 4.778844e+00 2.080155e+01
vertex 8.860456e+00 1.316387e+00 2.084481e+01
vertex 1.058419e+01 1.706823e+00 2.077530e+01
endloop
endfacet
facet normal 0 0 0
outer loop
vertex 2.575021e+01 -5.351372e+00 1.181455e+01
vertex 2.517612e+01 -4.677827e+00 1.275788e+01
vertex 2.510188e+01 -6.463099e+00 1.237348e+01
endloop
endfacet
facet normal 0 0 0
outer loop
vertex 4.270968e+00 -1.724716e+00 1.739886e+01
vertex 5.939552e+00 -2.809611e+00 1.627692e+01
vertex 3.160559e+00 -3.207413e+00 1.832931e+01
endloop
endfacet
facet normal 0 0 0
outer loop
vertex 3.160559e+00 -3.207413e+00 1.832931e+01
vertex 5.939552e+00 -2.809611e+00 1.627692e+01
vertex 5.390332e+00 -4.953066e+00 1.691509e+01
endloop
endfacet
facet normal 0 0 0
outer loop
vertex 2.351901e+01 -1.019418e+01 8.504670e+00
vertex 2.371075e+01 -1.181758e+01 9.058261e+00
vertex 2.188264e+01 -1.090980e+01 9.338212e+00
endloop
endfacet
facet normal 0 0 0
outer loop
vertex 2.528609e+01 6.195242e+00 1.201351e+01
vertex 2.543251e+01 7.987713e+00 1.105197e+01
vertex 2.461528e+01 7.590384e+00 1.237581e+01
endloop
endfacet
facet normal 0 0 0
outer loop
vertex 1.004380e+01 -4.941530e+00 2.075117e+01
vertex 1.193922e+01 -4.548605e+00 2.053520e+01
vertex 1.153457e+01 -2.715055e+00 2.066677e+01
endloop
endfacet
facet normal 0 0 0
outer loop
vertex 1.090568e+01 -6.390598e+00 2.056816e+01
vertex 1.193922e+01 -4.548605e+00 2.053520e+01
vertex 1.004380e+01 -4.941530e+00 2.075117e+01
endloop
endfacet
facet normal 0 0 0
outer loop
vertex 1.256974e+01 -6.664399e+00 2.023792e+01
vertex 1.193922e+01 -4.548605e+00 2.053520e+01
vertex 1.090568e+01 -6.390598e+00 2.056816e+01
endloop
endfacet
facet normal 0 0 0
outer loop
vertex 1.387675e+01 6.055317e+00 1.991033e+01
vertex 1.239530e+01 7.400308e+00 2.011122e+01
vertex 1.242875e+01 5.525817e+00 2.032329e+01
endloop
endfacet
facet normal 0 0 0
outer loop
vertex 2.041444e+01 1.070439e+01 9.833929e+00
vertex 2.180139e+01 9.932617e+00 9.023528e+00
vertex 1.988185e+01 9.335984e+00 9.595285e+00
endloop
endfacet
facet normal 0 0 0
outer loop
vertex 2.484078e+01 -8.850559e+00 7.644167e+00
vertex 2.245305e+01 -8.673775e+00 8.385799e+00
vertex 2.421765e+01 -7.615466e+00 7.484766e+00
endloop
endfacet
facet normal 0 0 0
outer loop
vertex 1.601679e+01 -1.470046e+01 1.347813e+01
vertex 1.393507e+01 -1.492966e+01 1.464471e+01
vertex 1.476475e+01 -1.310103e+01 1.339094e+01
endloop
endfacet
facet normal 0 0 0
outer loop
vertex 2.049778e+01 -1.312371e+01 1.440113e+01
vertex 1.975370e+01 -1.503519e+01 1.391295e+01
vertex 2.061469e+01 -1.458348e+01 1.340563e+01
endloop
endfacet
facet normal 0 0 0
outer loop
vertex 2.061469e+01 -1.458348e+01 1.340563e+01
vertex 1.975370e+01 -1.503519e+01 1.391295e+01
vertex 2.055206e+01 -1.542383e+01 1.287755e+01
endloop
endfacet
facet normal 0 0 0
outer loop
vertex 8.860456e+00 1.316387e+00 2.084481e+01
vertex 8.210901e+00 -8.653685e-01 2.085048e+01
vertex 1.046523e+01 -9.574717e-01 2.079347e+01
endloop
endfacet
facet normal 0 0 0
outer loop
vertex 1.256974e+01 -6.664399e+00 2.023792e+01
vertex 1.321245e+01 -3.681996e+00 2.033918e+01
vertex 1.193922e+01 -4.548605e+00 2.053520e+01
endloop
endfacet
facet normal 0 0 0
outer loop
vertex 1.580806e+01 1.035156e+01 1.182003e+01
vertex 1.422913e+01 1.190527e+01 1.319511e+01
vertex 1.630847e+01 1.112936e+01 1.184087e+01
endloop
endfacet
facet normal 0 0 0
outer loop
vertex 9.639067e-01 -8.241646e+00 2.085077e+01
vertex 4.624316e+00 -9.270409e+00 2.082424e+01
vertex 2.280238e+00 -6.623729e+00 2.085075e+01
endloop
endfacet
facet normal 0 0 0
outer loop
vertex 1.658535e+00 -1.021205e+01 2.082745e+01
vertex 4.624316e+00 -9.270409e+00 2.082424e+01
vertex 9.639067e-01 -8.241646e+00 2.085077e+01
endloop
endfacet
facet normal 0 0 0
outer loop
vertex 2.513252e+01 -9.595232e+00 1.098515e+01
vertex 2.588746e+01 -9.510244e+00 9.801950e+00
vertex 2.554335e+01 -8.066201e+00 1.113944e+01
endloop
endfacet
facet normal 0 0 0
outer loop
vertex 3.652540e+00 -5.295848e+00 1.822558e+01
vertex 2.701059e+00 -7.341165e+00 1.931363e+01
vertex 2.091167e+00 -5.446264e+00 1.941819e+01
endloop
endfacet
facet normal 0 0 0
outer loop
vertex 2.460607e+01 4.214195e-01 6.364843e+00
vertex 2.566707e+01 1.532338e+00 6.077012e+00
vertex 2.644984e+01 1.519858e-01 5.811269e+00
endloop
endfacet
facet normal 0 0 0
outer loop
vertex 1.977304e+01 1.393838e+01 1.421069e+01
vertex 1.944680e+01 1.517283e+01 1.367939e+01
vertex 1.871818e+01 1.507269e+01 1.437376e+01
endloop
endfacet
facet normal 0 0 0
outer loop
vertex 2.068909e+01 -1.615633e+01 1.216818e+01
vertex 1.923409e+01 -1.681446e+01 1.310855e+01
vertex 1.842510e+01 -1.531620e+01 1.267133e+01
endloop
endfacet
facet normal 0 0 0
outer loop
vertex 4.047629e+00 1.039490e+01 2.072896e+01
vertex 5.313705e+00 1.113780e+01 2.056587e+01
vertex 2.906910e+00 1.221925e+01 2.054580e+01
endloop
endfacet
facet normal 0 0 0
outer loop
vertex 2.439814e+01 7.900614e+00 7.503493e+00
vertex 2.207033e+01 8.196348e+00 8.387227e+00
vertex 2.368445e+01 9.570039e+00 8.238746e+00
endloop
endfacet
facet normal 0 0 0
outer loop
vertex 7.290784e-01 1.033489e+00 2.005628e+01
vertex 2.891823e+00 8.682427e-01 1.839136e+01
vertex 9.889117e-01 -1.647554e+00 1.987697e+01
endloop
endfacet
facet normal 0 0 0
outer loop
vertex 8.445478e+00 1.018238e+01 2.039684e+01
vertex 9.649261e+00 1.107670e+01 2.003609e+01
vertex 8.145268e+00 1.131254e+01 2.023435e+01
endloop
endfacet
facet normal 0 0 0
outer loop
vertex 3.893270e+00 1.334974e+01 2.025869e+01
vertex 4.982958e+00 1.436016e+01 1.990172e+01
vertex 5.431606e+00 1.266943e+01 1.891956e+01
endloop
endfacet
facet normal 0 0 0
outer loop
vertex 2.164794e+01 1.385531e+01 1.239624e+01
vertex 2.240147e+01 1.385725e+01 1.148206e+01
vertex 2.189796e+01 1.504415e+01 1.114000e+01
endloop
endfacet
facet normal 0 0 0
outer loop
vertex 1.816077e+00 -2.169331e-01 2.085078e+01
vertex 2.576113e+00 -2.692827e+00 2.085078e+01
vertex 5.081478e+00 6.785429e-01 2.085078e+01
endloop
endfacet
facet normal 0 0 0
outer loop
vertex -6.475174e-02 -3.600676e+00 2.085078e+01
vertex 9.889117e-01 -1.647554e+00 1.987697e+01
vertex 3.160559e+00 -3.207413e+00 1.832931e+01
endloop
endfacet
facet normal 0 0 0
outer loop
vertex 2.442505e+01 -7.498644e+00 1.288135e+01
vertex 2.333000e+01 -8.075447e+00 1.392683e+01
vertex 2.394140e+01 -8.994274e+00 1.288048e+01
endloop
endfacet
facet normal 0 0 0
outer loop
vertex 2.909291e+01 -3.036003e+00 5.347214e+00
vertex 2.622096e+01 -3.159628e+00 6.052312e+00
vertex 2.747192e+01 -1.768980e+00 5.609056e+00
endloop
endfacet
facet normal 0 0 0
outer loop
vertex 2.909291e+01 -3.036003e+00 5.347214e+00
vertex 2.677358e+01 -4.673090e+00 6.113705e+00
vertex 2.622096e+01 -3.159628e+00 6.052312e+00
endloop
endfacet
facet normal 0 0 0
outer loop
vertex 1.832140e+01 4.328090e+00 1.838610e+01
vertex 1.948479e+01 3.298359e+00 1.786233e+01
vertex 1.917356e+01 4.959096e+00 1.782668e+01
endloop
endfacet
facet normal 0 0 0
outer loop
vertex 2.375678e+01 -3.704536e+00 1.454440e+01
vertex 2.309450e+01 -5.032691e+00 1.497312e+01
vertex 2.419152e+01 -4.950341e+00 1.386552e+01
endloop
endfacet
facet normal 0 0 0
outer loop
vertex 1.704276e+01 -9.933888e+00 1.107209e+01
vertex 1.821755e+01 -1.161011e+01 1.111445e+01
vertex 1.625253e+01 -1.167070e+01 1.206834e+01
endloop
endfacet
facet normal 0 0 0
outer loop
vertex 9.649261e+00 1.107670e+01 2.003609e+01
vertex 1.168220e+01 9.283962e+00 1.996873e+01
vertex 1.140396e+01 1.101377e+01 1.966384e+01
endloop
endfacet
facet normal 0 0 0
outer loop
vertex 1.360978e+01 -6.620944e+00 1.198329e+01
vertex 1.193128e+01 -7.693591e+00 1.318453e+01
vertex 1.127979e+01 -5.477465e+00 1.311862e+01
endloop
endfacet
facet normal 0 0 0
outer loop
vertex 2.832399e+01 -4.475495e+00 7.189211e+00
vertex 2.834896e+01 -6.490482e+00 6.088333e+00
vertex 2.885538e+01 -4.488236e+00 5.590254e+00
endloop
endfacet
facet normal 0 0 0
outer loop
vertex 6.710572e+00 -1.294316e+01 1.815069e+01
vertex 4.766226e+00 -1.440416e+01 2.007456e+01
vertex 4.423698e+00 -1.202985e+01 1.939800e+01
endloop
endfacet
facet normal 0 0 0
outer loop
vertex 1.809255e+01 1.291981e+01 1.605928e+01
vertex 1.922276e+01 1.327492e+01 1.505521e+01
vertex 1.786378e+01 1.435809e+01 1.546277e+01
endloop
endfacet
facet normal 0 0 0
outer loop
vertex 1.881784e+01 -1.247931e+01 1.604785e+01
vertex 1.767933e+01 -1.349706e+01 1.634459e+01
vertex 1.899064e+01 -1.364010e+01 1.536179e+01
endloop
endfacet
facet normal 0 0 0
outer loop
vertex 2.187783e+01 1.139514e+01 1.369740e+01
vertex 2.327448e+01 1.042045e+01 1.269374e+01
vertex 2.194446e+01 1.242409e+01 1.303582e+01
endloop
endfacet
facet normal 0 0 0
outer loop
vertex 1.246197e+01 1.358123e+01 1.484486e+01
vertex 1.106268e+01 1.314567e+01 1.547065e+01
vertex 1.096905e+01 1.500668e+01 1.634478e+01
endloop
endfacet
facet normal 0 0 0
outer loop
vertex 1.035615e+01 -1.392769e+01 1.927559e+01
vertex 1.019059e+01 -1.238482e+01 1.975867e+01
vertex 9.005342e+00 -1.322826e+01 1.978213e+01
endloop
endfacet
facet normal 0 0 0
outer loop
vertex 2.482308e+01 -3.365097e+00 1.342609e+01
vertex 2.419152e+01 -4.950341e+00 1.386552e+01
vertex 2.517612e+01 -4.677827e+00 1.275788e+01
endloop
endfacet
facet normal 0 0 0
outer loop
vertex 8.210901e+00 -8.653685e-01 2.085048e+01
vertex 8.860456e+00 1.316387e+00 2.084481e+01
vertex 6.173377e+00 2.530319e+00 2.085061e+01
endloop
endfacet
facet normal 0 0 0
outer loop
vertex 9.005342e+00 -1.322826e+01 1.978213e+01
vertex 7.621534e+00 -1.320650e+01 2.002838e+01
vertex 8.234273e+00 -1.455492e+01 1.953799e+01
endloop
endfacet
facet normal 0 0 0
outer loop
vertex 5.427808e+00 -3.313665e+00 2.085051e+01
vertex 5.005229e+00 -6.754889e+00 2.084841e+01
vertex 8.116846e+00 -5.794782e+00 2.082836e+01
endloop
endfacet
facet normal 0 0 0
outer loop
vertex 2.519144e+01 -1.244748e+01 8.863677e+00
vertex 2.614943e+01 -1.117146e+01 8.072318e+00
vertex 2.559612e+01 -1.085593e+01 9.399693e+00
endloop
endfacet
facet normal 0 0 0
outer loop
vertex 2.528609e+01 6.195242e+00 1.201351e+01
vertex 2.596582e+01 6.405451e+00 1.093282e+01
vertex 2.543251e+01 7.987713e+00 1.105197e+01
endloop
endfacet
facet normal 0 0 0
outer loop
vertex 2.543251e+01 7.987713e+00 1.105197e+01
vertex 2.596582e+01 6.405451e+00 1.093282e+01
vertex 2.633250e+01 6.998718e+00 1.006479e+01
endloop
endfacet
facet normal 0 0 0
outer loop
vertex 1.689490e+01 -1.116824e+01 1.772165e+01
vertex 1.500073e+01 -1.149707e+01 1.850833e+01
vertex 1.583512e+01 -1.288415e+01 1.764573e+01
endloop
endfacet
facet normal 0 0 0
outer loop
vertex 8.145268e+00 1.131254e+01 2.023435e+01
vertex 9.649261e+00 1.107670e+01 2.003609e+01
vertex 8.521683e+00 1.261762e+01 1.987698e+01
endloop
endfacet
facet normal 0 0 0
outer loop
vertex 2.239463e+01 5.720852e+00 1.533700e+01
vertex 2.149090e+01 4.984098e+00 1.624545e+01
vertex 2.215639e+01 3.836981e+00 1.590880e+01
endloop
endfacet
facet normal 0 0 0
outer loop
vertex 1.961336e+01 5.826235e+00 8.827628e+00
vertex 1.731216e+01 5.497687e+00 9.827101e+00
vertex 1.788302e+01 7.091939e+00 9.879781e+00
endloop
endfacet
facet normal 0 0 0
outer loop
vertex 1.949489e+01 4.049155e+00 8.587094e+00
vertex 1.731216e+01 5.497687e+00 9.827101e+00
vertex 1.961336e+01 5.826235e+00 8.827628e+00
endloop
endfacet
facet normal 0 0 0
outer loop
vertex 2.164794e+01 1.385531e+01 1.239624e+01
vertex 2.189796e+01 1.504415e+01 1.114000e+01
vertex 2.043617e+01 1.590721e+01 1.213206e+01
endloop
endfacet
facet normal 0 0 0
outer loop
vertex 1.973500e+01 7.789439e+00 9.218132e+00
vertex 1.961336e+01 5.826235e+00 8.827628e+00
vertex 1.788302e+01 7.091939e+00 9.879781e+00
endloop
endfacet
facet normal 0 0 0
outer loop
vertex 2.215639e+01 3.836981e+00 1.590880e+01
vertex 2.299642e+01 4.008643e+00 1.514068e+01
vertex 2.239463e+01 5.720852e+00 1.533700e+01
endloop
endfacet
facet normal 0 0 0
outer loop
vertex 7.917242e+00 7.146181e+00 2.077225e+01
vertex 7.324225e+00 8.818315e+00 2.069178e+01
vertex 5.345626e+00 8.290651e+00 2.082082e+01
endloop
endfacet
facet normal 0 0 0
outer loop
vertex 5.345626e+00 8.290651e+00 2.082082e+01
vertex 6.697124e+00 6.091720e+00 2.084822e+01
vertex 7.917242e+00 7.146181e+00 2.077225e+01
endloop
endfacet
facet normal 0 0 0
outer loop
vertex 1.153457e+01 -2.715055e+00 2.066677e+01
vertex 1.192509e+01 3.940558e-01 2.064584e+01
vertex 1.046523e+01 -9.574717e-01 2.079347e+01
endloop
endfacet
facet normal 0 0 0
outer loop
vertex 1.329526e+01 -1.873083e+00 2.039202e+01
vertex 1.192509e+01 3.940558e-01 2.064584e+01
vertex 1.153457e+01 -2.715055e+00 2.066677e+01
endloop
endfacet
facet normal 0 0 0
outer loop
vertex 1.049190e+01 -8.549528e+00 2.041230e+01
vertex 1.092737e+01 -1.074401e+01 1.997096e+01
vertex 1.226518e+01 -8.763030e+00 2.002913e+01
endloop
endfacet
facet normal 0 0 0
outer loop
vertex 1.049190e+01 -8.549528e+00 2.041230e+01
vertex 1.226518e+01 -8.763030e+00 2.002913e+01
vertex 1.256974e+01 -6.664399e+00 2.023792e+01
endloop
endfacet
facet normal 0 0 0
outer loop
vertex 2.058435e+01 -6.366200e+00 1.676709e+01
vertex 1.940118e+01 -8.185698e+00 1.714428e+01
vertex 2.080482e+01 -7.815234e+00 1.626225e+01
endloop
endfacet
facet normal 0 0 0
outer loop
vertex 1.166828e+01 4.276635e+00 1.270184e+01
vertex 1.230350e+01 2.929710e+00 1.217724e+01
vertex 1.022991e+01 3.359353e+00 1.347600e+01
endloop
endfacet
facet normal 0 0 0
outer loop
vertex 1.502466e+01 1.353275e+01 1.343934e+01
vertex 1.697012e+01 1.286229e+01 1.219634e+01
vertex 1.630847e+01 1.112936e+01 1.184087e+01
endloop
endfacet
facet normal 0 0 0
outer loop
vertex 1.364251e+01 -7.355673e+00 1.988260e+01
vertex 1.501904e+01 -6.309523e+00 1.960204e+01
vertex 1.395719e+01 -5.587139e+00 2.001024e+01
endloop
endfacet
facet normal 0 0 0
outer loop
vertex 1.329526e+01 -1.873083e+00 2.039202e+01
vertex 1.153457e+01 -2.715055e+00 2.066677e+01
vertex 1.321245e+01 -3.681996e+00 2.033918e+01
endloop
endfacet
facet normal 0 0 0
outer loop
vertex 5.461202e+00 -1.088794e+01 1.826873e+01
vertex 7.584344e+00 -1.043190e+01 1.667481e+01
vertex 6.710572e+00 -1.294316e+01 1.815069e+01
endloop
endfacet
facet normal 0 0 0
outer loop
vertex 5.472500e+00 1.301499e+01 2.019523e+01
vertex 7.281195e+00 1.261620e+01 2.007172e+01
vertex 7.356734e+00 1.371465e+01 1.976580e+01
endloop
endfacet
facet normal 0 0 0
outer loop
vertex 5.472500e+00 1.301499e+01 2.019523e+01
vertex 6.754359e+00 1.175359e+01 2.032745e+01
vertex 7.281195e+00 1.261620e+01 2.007172e+01
endloop
endfacet
facet normal 0 0 0
outer loop
vertex 1.809255e+01 1.291981e+01 1.605928e+01
vertex 1.816754e+01 1.137447e+01 1.668918e+01
vertex 1.926297e+01 1.178843e+01 1.576816e+01
endloop
endfacet
facet normal 0 0 0
outer loop
vertex 1.471268e+01 1.418116e+00 2.003796e+01
vertex 1.547157e+01 3.131685e+00 1.971503e+01
vertex 1.373062e+01 3.592899e+00 2.018722e+01
endloop
endfacet
facet normal 0 0 0
outer loop
vertex 1.471268e+01 1.418116e+00 2.003796e+01
vertex 1.373062e+01 3.592899e+00 2.018722e+01
vertex 1.330405e+01 1.433277e+00 2.038480e+01
endloop
endfacet
facet normal 0 0 0
outer loop
vertex 5.860516e+00 -1.348159e+01 2.019013e+01
vertex 7.277192e+00 -1.188359e+01 2.035773e+01
vertex 5.812498e+00 -1.190441e+01 2.050405e+01
endloop
endfacet
facet normal 0 0 0
outer loop
vertex 5.431606e+00 1.266943e+01 1.891956e+01
vertex 4.982958e+00 1.436016e+01 1.990172e+01
vertex 7.454763e+00 1.420251e+01 1.817695e+01
endloop
endfacet
facet normal 0 0 0
outer loop
vertex 8.375141e+00 5.707438e+00 1.498991e+01
vertex 7.151146e+00 3.948860e+00 1.555363e+01
vertex 6.504415e+00 6.213641e+00 1.634428e+01
endloop
endfacet
facet normal 0 0 0
outer loop
vertex 8.375141e+00 5.707438e+00 1.498991e+01
vertex 1.022991e+01 3.359353e+00 1.347600e+01
vertex 7.151146e+00 3.948860e+00 1.555363e+01
endloop
endfacet
facet normal 0 0 0
outer loop
vertex 1.971235e+00 3.041489e+00 1.921190e+01
vertex 4.151288e+00 3.098593e+00 1.758454e+01
vertex 2.891823e+00 8.682427e-01 1.839136e+01
endloop
endfacet
facet normal 0 0 0
outer loop
vertex 2.557559e+01 1.041677e+01 9.310103e+00
vertex 2.572028e+01 1.134783e+01 8.258574e+00
vertex 2.459713e+01 1.271972e+01 9.153046e+00
endloop
endfacet
facet normal 0 0 0
outer loop
vertex 5.135517e+00 4.530702e+00 1.703741e+01
vertex 4.151288e+00 3.098593e+00 1.758454e+01
vertex 2.903094e+00 5.211995e+00 1.877014e+01
endloop
endfacet
facet normal 0 0 0
outer loop
vertex 1.216165e+01 -1.590171e+01 1.794501e+01
vertex 1.332185e+01 -1.463385e+01 1.806126e+01
vertex 1.155114e+01 -1.496289e+01 1.855916e+01
endloop
endfacet
facet normal 0 0 0
outer loop
vertex 1.096905e+01 1.500668e+01 1.634478e+01
vertex 1.243459e+01 1.585545e+01 1.591700e+01
vertex 1.246197e+01 1.358123e+01 1.484486e+01
endloop
endfacet
facet normal 0 0 0
outer loop
vertex 1.257614e+01 1.504537e+01 1.790675e+01
vertex 1.099811e+01 1.488882e+01 1.851661e+01
vertex 1.200049e+01 1.412955e+01 1.850082e+01
endloop
endfacet
facet normal 0 0 0
outer loop
vertex 1.407072e+01 1.362733e+01 1.792025e+01
vertex 1.200049e+01 1.412955e+01 1.850082e+01
vertex 1.342029e+01 1.285844e+01 1.847786e+01
endloop
endfacet
facet normal 0 0 0
outer loop
vertex -6.475174e-02 -3.600676e+00 2.085078e+01
vertex 3.160559e+00 -3.207413e+00 1.832931e+01
vertex 2.091167e+00 -5.446264e+00 1.941819e+01
endloop
endfacet
facet normal 0 0 0
outer loop
vertex 5.426980e+00 -1.030173e+01 2.072889e+01
vertex 3.140598e+00 -1.271389e+01 2.055553e+01
vertex 5.812498e+00 -1.190441e+01 2.050405e+01
endloop
endfacet
facet normal 0 0 0
outer loop
vertex 9.649261e+00 1.107670e+01 2.003609e+01
vertex 8.445478e+00 1.018238e+01 2.039684e+01
vertex 1.006711e+01 9.301658e+00 2.029051e+01
endloop
endfacet
facet normal 0 0 0
outer loop
vertex 1.168220e+01 9.283962e+00 1.996873e+01
vertex 9.649261e+00 1.107670e+01 2.003609e+01
vertex 1.006711e+01 9.301658e+00 2.029051e+01
endloop
endfacet
facet normal 0 0 0
outer loop
vertex 2.621680e+01 -3.991738e+00 1.146168e+01
vertex 2.575021e+01 -5.351372e+00 1.181455e+01
vertex 2.662679e+01 -4.933496e+00 1.057841e+01
endloop
endfacet
facet normal 0 0 0
outer loop
vertex 7.621534e+00 -1.320650e+01 2.002838e+01
vertex 9.005342e+00 -1.322826e+01 1.978213e+01
vertex 9.061588e+00 -1.184531e+01 2.010523e+01
endloop
endfacet
facet normal 0 0 0
outer loop
vertex 7.277192e+00 -1.188359e+01 2.035773e+01
vertex 7.621534e+00 -1.320650e+01 2.002838e+01
vertex 9.061588e+00 -1.184531e+01 2.010523e+01
endloop
endfacet
facet normal 0 0 0
outer loop
vertex 1.692494e+01 3.927609e+00 9.777067e+00
vertex 1.468006e+01 3.399764e+00 1.088113e+01
vertex 1.581066e+01 5.170920e+00 1.052245e+01
endloop
endfacet
facet normal 0 0 0
outer loop
vertex 1.731216e+01 5.497687e+00 9.827101e+00
vertex 1.692494e+01 3.927609e+00 9.777067e+00
vertex 1.581066e+01 5.170920e+00 1.052245e+01
endloop
endfacet
facet normal 0 0 0
outer loop
vertex 2.152067e+01 -5.220996e+00 1.628717e+01
vertex 2.249965e+01 -4.529817e+00 1.559920e+01
vertex 2.172157e+01 -3.791934e+00 1.634779e+01
endloop
endfacet
facet normal 0 0 0
outer loop
vertex 2.153826e+01 -1.302320e+01 1.346766e+01
vertex 2.273564e+01 -1.135178e+01 1.313624e+01
vertex 2.155963e+01 -1.187651e+01 1.407939e+01
endloop
endfacet
facet normal 0 0 0
outer loop
vertex 2.454809e+00 -1.173145e+01 2.071132e+01
vertex 4.423698e+00 -1.202985e+01 1.939800e+01
vertex 3.140598e+00 -1.271389e+01 2.055553e+01
endloop
endfacet
facet normal 0 0 0
outer loop
vertex 4.423698e+00 -1.202985e+01 1.939800e+01
vertex 3.951705e+00 -1.363626e+01 2.033003e+01
vertex 3.140598e+00 -1.271389e+01 2.055553e+01
endloop
endfacet
facet normal 0 0 0
outer loop
vertex 1.689490e+01 -1.116824e+01 1.772165e+01
vertex 1.721630e+01 -1.256082e+01 1.703249e+01
vertex 1.835063e+01 -1.147381e+01 1.677151e+01
endloop
endfacet
facet normal 0 0 0
outer loop
vertex 1.838700e+01 7.553819e+00 1.776390e+01
vertex 1.952735e+01 5.950608e+00 1.743358e+01
vertex 1.931719e+01 7.790778e+00 1.714144e+01
endloop
endfacet
facet normal 0 0 0
outer loop
vertex 1.952735e+01 5.950608e+00 1.743358e+01
vertex 2.079039e+01 6.720943e+00 1.639802e+01
vertex 1.931719e+01 7.790778e+00 1.714144e+01
endloop
endfacet
facet normal 0 0 0
outer loop
vertex 2.015932e+01 8.147757e+00 1.647257e+01
vertex 1.918888e+01 9.267280e+00 1.679126e+01
vertex 1.931719e+01 7.790778e+00 1.714144e+01
endloop
endfacet
facet normal 0 0 0
outer loop
vertex 6.316115e-01 7.150194e+00 2.085078e+01
vertex 2.293705e+00 7.184502e+00 1.958704e+01
vertex 1.779632e-01 5.175777e+00 2.085078e+01
endloop
endfacet
facet normal 0 0 0
outer loop
vertex 2.043617e+01 1.590721e+01 1.213206e+01
vertex 1.895034e+01 1.435321e+01 1.196915e+01
vertex 1.881288e+01 1.661912e+01 1.317247e+01
endloop
endfacet
facet normal 0 0 0
outer loop
vertex 2.588382e+01 -1.048268e+00 5.994498e+00
vertex 2.460607e+01 4.214195e-01 6.364843e+00
vertex 2.644984e+01 1.519858e-01 5.811269e+00
endloop
endfacet
facet normal 0 0 0
outer loop
vertex 5.431606e+00 1.266943e+01 1.891956e+01
vertex 7.454763e+00 1.420251e+01 1.817695e+01
vertex 7.346745e+00 1.265163e+01 1.761128e+01
endloop
endfacet
facet normal 0 0 0
outer loop
vertex 2.112190e+01 -8.267972e-01 1.700037e+01
vertex 2.196622e+01 8.431149e-01 1.634920e+01
vertex 2.052788e+01 8.647596e-01 1.738950e+01
endloop
endfacet
facet normal 0 0 0
outer loop
vertex 4.047629e+00 1.039490e+01 2.072896e+01
vertex 7.324225e+00 8.818315e+00 2.069178e+01
vertex 5.313705e+00 1.113780e+01 2.056587e+01
endloop
endfacet
facet normal 0 0 0
outer loop
vertex -1.304690e-01 3.075104e+00 2.085078e+01
vertex 2.096081e+00 2.172629e+00 2.085078e+01
vertex 3.357418e+00 3.680292e+00 2.085075e+01
endloop
endfacet
facet normal 0 0 0
outer loop
vertex 2.567888e+01 -6.783186e+00 1.145820e+01
vertex 2.554335e+01 -8.066201e+00 1.113944e+01
vertex 2.619042e+01 -7.693458e+00 1.026932e+01
endloop
endfacet
facet normal 0 0 0
outer loop
vertex 2.554335e+01 -8.066201e+00 1.113944e+01
vertex 2.567888e+01 -6.783186e+00 1.145820e+01
vertex 2.483176e+01 -8.563560e+00 1.193708e+01
endloop
endfacet
facet normal 0 0 0
outer loop
vertex 2.619042e+01 -7.693458e+00 1.026932e+01
vertex 2.632116e+01 -6.251618e+00 1.065574e+01
vertex 2.567888e+01 -6.783186e+00 1.145820e+01
endloop
endfacet
facet normal 0 0 0
outer loop
vertex 2.619042e+01 -7.693458e+00 1.026932e+01
vertex 2.713349e+01 -6.533808e+00 9.061975e+00
vertex 2.632116e+01 -6.251618e+00 1.065574e+01
endloop
endfacet
facet normal 0 0 0
outer loop
vertex 7.584344e+00 -1.043190e+01 1.667481e+01
vertex 8.974195e+00 -9.047882e+00 1.535216e+01
vertex 9.902520e+00 -1.051433e+01 1.520791e+01
endloop
endfacet
facet normal 0 0 0
outer loop
vertex 7.584344e+00 -1.043190e+01 1.667481e+01
vertex 7.539055e+00 -8.285511e+00 1.609535e+01
vertex 8.974195e+00 -9.047882e+00 1.535216e+01
endloop
endfacet
facet normal 0 0 0
outer loop
vertex 3.872772e+00 -9.588239e+00 1.900962e+01
vertex 4.423698e+00 -1.202985e+01 1.939800e+01
vertex 2.454809e+00 -1.173145e+01 2.071132e+01
endloop
endfacet
facet normal 0 0 0
outer loop
vertex 2.237716e+01 -6.329384e+00 1.535006e+01
vertex 2.152067e+01 -5.220996e+00 1.628717e+01
vertex 2.177639e+01 -7.193653e+00 1.565816e+01
endloop
endfacet
facet normal 0 0 0
outer loop
vertex 2.237716e+01 -6.329384e+00 1.535006e+01
vertex 2.249965e+01 -4.529817e+00 1.559920e+01
vertex 2.152067e+01 -5.220996e+00 1.628717e+01
endloop
endfacet
facet normal 0 0 0
outer loop
vertex 1.571947e+01 9.699620e+00 1.854445e+01
vertex 1.686412e+01 1.106756e+01 1.756564e+01
vertex 1.544017e+01 1.101923e+01 1.827550e+01
endloop
endfacet
facet normal 0 0 0
outer loop
vertex 1.923409e+01 -1.681446e+01 1.310855e+01
vertex 1.770803e+01 -1.732791e+01 1.404612e+01
vertex 1.842510e+01 -1.531620e+01 1.267133e+01
endloop
endfacet
facet normal 0 0 0
outer loop
vertex 8.058656e+00 1.444810e+01 1.941506e+01
vertex 1.008437e+01 1.407779e+01 1.909032e+01
vertex 8.491728e+00 1.527150e+01 1.902487e+01
endloop
endfacet
facet normal 0 0 0
outer loop
vertex 1.857167e+01 2.466960e+00 1.844680e+01
vertex 1.834545e+01 8.183846e-01 1.865022e+01
vertex 1.996025e+01 1.672432e+00 1.771367e+01
endloop
endfacet
facet normal 0 0 0
outer loop
vertex 1.343119e+01 -1.576584e+01 1.750377e+01
vertex 1.300486e+01 -1.777597e+01 1.661450e+01
vertex 1.437948e+01 -1.636402e+01 1.675786e+01
endloop
endfacet
facet normal 0 0 0
outer loop
vertex 2.079039e+01 6.720943e+00 1.639802e+01
vertex 2.149090e+01 4.984098e+00 1.624545e+01
vertex 2.239463e+01 5.720852e+00 1.533700e+01
endloop
endfacet
facet normal 0 0 0
outer loop
vertex 2.519144e+01 -1.244748e+01 8.863677e+00
vertex 2.559612e+01 -1.085593e+01 9.399693e+00
vertex 2.475895e+01 -1.158836e+01 1.029910e+01
endloop
endfacet
facet normal 0 0 0
outer loop
vertex 1.975370e+01 -1.503519e+01 1.391295e+01
vertex 1.928186e+01 -1.434546e+01 1.474798e+01
vertex 1.866422e+01 -1.549774e+01 1.453824e+01
endloop
endfacet
facet normal 0 0 0
outer loop
vertex 9.382337e+00 -7.178504e+00 2.069411e+01
vertex 9.267129e+00 -8.930525e+00 2.054493e+01
vertex 1.049190e+01 -8.549528e+00 2.041230e+01
endloop
endfacet
facet normal 0 0 0
outer loop
vertex 2.482308e+01 -3.365097e+00 1.342609e+01
vertex 2.577112e+01 -3.023339e+00 1.227079e+01
vertex 2.540658e+01 -1.691642e+00 1.289238e+01
endloop
endfacet
facet normal 0 0 0
outer loop
vertex 2.635932e+01 -1.461456e+00 1.159550e+01
vertex 2.540658e+01 -1.691642e+00 1.289238e+01
vertex 2.577112e+01 -3.023339e+00 1.227079e+01
endloop
endfacet
facet normal 0 0 0
outer loop
vertex 4.982958e+00 1.436016e+01 1.990172e+01
vertex 3.893270e+00 1.334974e+01 2.025869e+01
vertex 5.472500e+00 1.301499e+01 2.019523e+01
endloop
endfacet
facet normal 0 0 0
outer loop
vertex 1.851669e+01 2.647576e+00 8.875709e+00
vertex 1.692494e+01 3.927609e+00 9.777067e+00
vertex 1.949489e+01 4.049155e+00 8.587094e+00
endloop
endfacet
facet normal 0 0 0
outer loop
vertex 5.461202e+00 -1.088794e+01 1.826873e+01
vertex 4.423698e+00 -1.202985e+01 1.939800e+01
vertex 3.872772e+00 -9.588239e+00 1.900962e+01
endloop
endfacet
facet normal 0 0 0
outer loop
vertex 2.861149e+01 -1.807823e+00 7.125598e+00
vertex 2.838631e+01 -3.109886e+00 7.472258e+00
vertex 2.909291e+01 -3.036003e+00 5.347214e+00
endloop
endfacet
facet normal 0 0 0
outer loop
vertex 1.631881e+01 -8.192464e+00 1.091612e+01
vertex 1.540799e+01 -6.145106e+00 1.091105e+01
vertex 1.784729e+01 -6.434526e+00 9.752669e+00
endloop
endfacet
facet normal 0 0 0
outer loop
vertex 1.784729e+01 -6.434526e+00 9.752669e+00
vertex 1.540799e+01 -6.145106e+00 1.091105e+01
vertex 1.653785e+01 -4.671530e+00 1.007388e+01
endloop
endfacet
facet normal 0 0 0
outer loop
vertex 1.981209e+01 -3.692553e+00 8.403460e+00
vertex 2.008137e+01 -5.801805e+00 8.620460e+00
vertex 1.851205e+01 -4.913162e+00 9.160335e+00
endloop
endfacet
facet normal 0 0 0
outer loop
vertex 1.471268e+01 1.418116e+00 2.003796e+01
vertex 1.387717e+01 -3.472383e-01 2.028166e+01
vertex 1.490109e+01 -3.417069e-01 2.001199e+01
endloop
endfacet
facet normal 0 0 0
outer loop
vertex 1.330405e+01 1.433277e+00 2.038480e+01
vertex 1.387717e+01 -3.472383e-01 2.028166e+01
vertex 1.471268e+01 1.418116e+00 2.003796e+01
endloop
endfacet
facet normal 0 0 0
outer loop
vertex 9.009128e+00 1.379077e+01 1.699629e+01
vertex 9.180089e+00 1.529226e+01 1.756326e+01
vertex 1.096905e+01 1.500668e+01 1.634478e+01
endloop
endfacet
facet normal 0 0 0
outer loop
vertex 1.006711e+01 9.301658e+00 2.029051e+01
vertex 9.969271e+00 7.759440e+00 2.051579e+01
vertex 1.158769e+01 7.160537e+00 2.031359e+01
endloop
endfacet
facet normal 0 0 0
outer loop
vertex 1.472757e+01 -1.392202e+01 1.775649e+01
vertex 1.332185e+01 -1.463385e+01 1.806126e+01
vertex 1.493416e+01 -1.482687e+01 1.726569e+01
endloop
endfacet
facet normal 0 0 0
outer loop
vertex 2.494586e+01 6.296794e+00 6.939668e+00
vertex 2.342047e+01 6.666001e+00 7.517109e+00
vertex 2.439814e+01 7.900614e+00 7.503493e+00
endloop
endfacet
facet normal 0 0 0
outer loop
vertex 2.342047e+01 6.666001e+00 7.517109e+00
vertex 2.207033e+01 8.196348e+00 8.387227e+00
vertex 2.439814e+01 7.900614e+00 7.503493e+00
endloop
endfacet
facet normal 0 0 0
outer loop
vertex 2.043617e+01 1.590721e+01 1.213206e+01
vertex 2.189796e+01 1.504415e+01 1.114000e+01
vertex 1.895034e+01 1.435321e+01 1.196915e+01
endloop
endfacet
facet normal 0 0 0
outer loop
vertex 2.554499e+01 3.438199e+00 1.240719e+01
vertex 2.512462e+01 4.795737e+00 1.265200e+01
vertex 2.465928e+01 3.897907e+00 1.342547e+01
endloop
endfacet
facet normal 0 0 0
outer loop
vertex 2.371075e+01 -1.181758e+01 9.058261e+00
vertex 2.519144e+01 -1.244748e+01 8.863677e+00
vertex 2.410825e+01 -1.364461e+01 9.720273e+00
endloop
endfacet
facet normal 0 0 0
outer loop
vertex 1.565082e+01 -1.027406e+00 1.977225e+01
vertex 1.490109e+01 -3.417069e-01 2.001199e+01
vertex 1.433310e+01 -2.035352e+00 2.014232e+01
endloop
endfacet
facet normal 0 0 0
outer loop
vertex 2.273961e+01 -2.153560e+00 7.080017e+00
vertex 2.455737e+01 -2.080219e+00 6.452168e+00
vertex 2.310567e+01 -3.610890e+00 7.090126e+00
endloop
endfacet
facet normal 0 0 0
outer loop
vertex 1.816770e+01 9.785580e+00 1.726377e+01
vertex 1.816754e+01 1.137447e+01 1.668918e+01
vertex 1.686412e+01 1.106756e+01 1.756564e+01
endloop
endfacet
facet normal 0 0 0
outer loop
vertex 4.151288e+00 3.098593e+00 1.758454e+01
vertex 1.971235e+00 3.041489e+00 1.921190e+01
vertex 2.903094e+00 5.211995e+00 1.877014e+01
endloop
endfacet
facet normal 0 0 0
outer loop
vertex 2.008137e+01 -5.801805e+00 8.620460e+00
vertex 1.981209e+01 -3.692553e+00 8.403460e+00
vertex 2.138191e+01 -4.533649e+00 7.866525e+00
endloop
endfacet
facet normal 0 0 0
outer loop
vertex 2.245305e+01 -8.673775e+00 8.385799e+00
vertex 2.084672e+01 -9.539542e+00 9.264708e+00
vertex 2.061963e+01 -7.923846e+00 8.881605e+00
endloop
endfacet
facet normal 0 0 0
outer loop
vertex 2.061963e+01 -7.923846e+00 8.881605e+00
vertex 2.084672e+01 -9.539542e+00 9.264708e+00
vertex 1.915390e+01 -7.658968e+00 9.436797e+00
endloop
endfacet
facet normal 0 0 0
outer loop
vertex 2.096081e+00 2.172629e+00 2.085078e+01
vertex 5.081478e+00 6.785429e-01 2.085078e+01
vertex 3.357418e+00 3.680292e+00 2.085075e+01
endloop
endfacet
facet normal 0 0 0
outer loop
vertex 1.423628e+01 1.749068e+01 1.580067e+01
vertex 1.466045e+01 1.579742e+01 1.469580e+01
vertex 1.243459e+01 1.585545e+01 1.591700e+01
endloop
endfacet
facet normal 0 0 0
outer loop
vertex 2.881822e+01 -5.063602e-01 6.643975e+00
vertex 2.861149e+01 -1.807823e+00 7.125598e+00
vertex 2.923267e+01 -1.544690e+00 5.197177e+00
endloop
endfacet
facet normal 0 0 0
outer loop
vertex 2.861149e+01 -1.807823e+00 7.125598e+00
vertex 2.909291e+01 -3.036003e+00 5.347214e+00
vertex 2.923267e+01 -1.544690e+00 5.197177e+00
endloop
endfacet
facet normal 0 0 0
outer loop
vertex 6.382442e+00 -6.879152e+00 1.655532e+01
vertex 7.539055e+00 -8.285511e+00 1.609535e+01
vertex 5.641793e+00 -9.109813e+00 1.761160e+01
endloop
endfacet
facet normal 0 0 0
outer loop
vertex 1.881784e+01 -1.247931e+01 1.604785e+01
vertex 1.956929e+01 -1.103957e+01 1.611588e+01
vertex 1.835063e+01 -1.147381e+01 1.677151e+01
endloop
endfacet
facet normal 0 0 0
outer loop
vertex 9.462539e+00 1.168136e+01 1.588244e+01
vertex 1.106268e+01 1.314567e+01 1.547065e+01
vertex 1.109234e+01 1.118536e+01 1.471223e+01
endloop
endfacet
facet normal 0 0 0
outer loop
vertex 1.893893e+01 -1.617683e+01 1.384474e+01
vertex 1.975370e+01 -1.503519e+01 1.391295e+01
vertex 1.866422e+01 -1.549774e+01 1.453824e+01
endloop
endfacet
facet normal 0 0 0
outer loop
vertex 3.140598e+00 -1.271389e+01 2.055553e+01
vertex 3.951705e+00 -1.363626e+01 2.033003e+01
vertex 5.812498e+00 -1.190441e+01 2.050405e+01
endloop
endfacet
facet normal 0 0 0
outer loop
vertex 5.812498e+00 -1.190441e+01 2.050405e+01
vertex 3.951705e+00 -1.363626e+01 2.033003e+01
vertex 5.860516e+00 -1.348159e+01 2.019013e+01
endloop
endfacet
facet normal 0 0 0
outer loop
vertex 8.521683e+00 1.261762e+01 1.987698e+01
vertex 7.281195e+00 1.261620e+01 2.007172e+01
vertex 8.145268e+00 1.131254e+01 2.023435e+01
endloop
endfacet
facet normal 0 0 0
outer loop
vertex 2.834896e+01 -6.490482e+00 6.088333e+00
vertex 2.677358e+01 -4.673090e+00 6.113705e+00
vertex 2.885538e+01 -4.488236e+00 5.590254e+00
endloop
endfacet
facet normal 0 0 0
outer loop
vertex 2.429818e+01 -6.017965e+00 1.349013e+01
vertex 2.333000e+01 -8.075447e+00 1.392683e+01
vertex 2.442505e+01 -7.498644e+00 1.288135e+01
endloop
endfacet
facet normal 0 0 0
outer loop
vertex 1.393507e+01 -1.492966e+01 1.464471e+01
vertex 1.221109e+01 -1.351725e+01 1.495799e+01
vertex 1.476475e+01 -1.310103e+01 1.339094e+01
endloop
endfacet
facet normal 0 0 0
outer loop
vertex 1.256974e+01 -6.664399e+00 2.023792e+01
vertex 1.395719e+01 -5.587139e+00 2.001024e+01
vertex 1.321245e+01 -3.681996e+00 2.033918e+01
endloop
endfacet
facet normal 0 0 0
outer loop
vertex 1.256974e+01 -6.664399e+00 2.023792e+01
vertex 1.364251e+01 -7.355673e+00 1.988260e+01
vertex 1.395719e+01 -5.587139e+00 2.001024e+01
endloop
endfacet
facet normal 0 0 0
outer loop
vertex 6.754359e+00 1.175359e+01 2.032745e+01
vertex 7.148324e+00 1.056692e+01 2.049026e+01
vertex 8.145268e+00 1.131254e+01 2.023435e+01
endloop
endfacet
facet normal 0 0 0
outer loop
vertex 2.042443e+01 -4.154664e+00 1.724200e+01
vertex 2.172157e+01 -3.791934e+00 1.634779e+01
vertex 2.147331e+01 -2.454304e+00 1.666753e+01
endloop
endfacet
facet normal 0 0 0
outer loop
vertex 7.277192e+00 -1.188359e+01 2.035773e+01
vertex 9.061588e+00 -1.184531e+01 2.010523e+01
vertex 8.415207e+00 -1.022786e+01 2.048462e+01
endloop
endfacet
facet normal 0 0 0
outer loop
vertex 8.415207e+00 -1.022786e+01 2.048462e+01
vertex 9.061588e+00 -1.184531e+01 2.010523e+01
vertex 9.664655e+00 -1.060044e+01 2.024664e+01
endloop
endfacet
facet normal 0 0 0
outer loop
vertex 2.661646e+01 9.982873e+00 7.512738e+00
vertex 2.665742e+01 9.082712e+00 8.147655e+00
vertex 2.765088e+01 7.945508e+00 6.614623e+00
endloop
endfacet
facet normal 0 0 0
outer loop
vertex 1.422913e+01 1.190527e+01 1.319511e+01
vertex 1.502466e+01 1.353275e+01 1.343934e+01
vertex 1.630847e+01 1.112936e+01 1.184087e+01
endloop
endfacet
facet normal 0 0 0
outer loop
vertex 1.373062e+01 3.592899e+00 2.018722e+01
vertex 1.206871e+01 2.791060e+00 2.056711e+01
vertex 1.330405e+01 1.433277e+00 2.038480e+01
endloop
endfacet
facet normal 0 0 0
outer loop
vertex 2.207033e+01 8.196348e+00 8.387227e+00
vertex 1.988185e+01 9.335984e+00 9.595285e+00
vertex 2.180139e+01 9.932617e+00 9.023528e+00
endloop
endfacet
facet normal 0 0 0
outer loop
vertex 2.382737e+01 7.841143e+00 1.323883e+01
vertex 2.300752e+01 7.204805e+00 1.434540e+01
vertex 2.421682e+01 6.093471e+00 1.339143e+01
endloop
endfacet
facet normal 0 0 0
outer loop
vertex 1.784729e+01 -6.434526e+00 9.752669e+00
vertex 1.915390e+01 -7.658968e+00 9.436797e+00
vertex 1.631881e+01 -8.192464e+00 1.091612e+01
endloop
endfacet
facet normal 0 0 0
outer loop
vertex 1.631881e+01 -8.192464e+00 1.091612e+01
vertex 1.915390e+01 -7.658968e+00 9.436797e+00
vertex 1.870372e+01 -9.070884e+00 1.002749e+01
endloop
endfacet
facet normal 0 0 0
outer loop
vertex 6.710572e+00 -1.294316e+01 1.815069e+01
vertex 4.423698e+00 -1.202985e+01 1.939800e+01
vertex 5.461202e+00 -1.088794e+01 1.826873e+01
endloop
endfacet
facet normal 0 0 0
outer loop
vertex 1.952735e+01 5.950608e+00 1.743358e+01
vertex 1.838700e+01 7.553819e+00 1.776390e+01
vertex 1.827944e+01 6.046791e+00 1.813967e+01
endloop
endfacet
facet normal 0 0 0
outer loop
vertex 1.917356e+01 4.959096e+00 1.782668e+01
vertex 1.952735e+01 5.950608e+00 1.743358e+01
vertex 1.827944e+01 6.046791e+00 1.813967e+01
endloop
endfacet
facet normal 0 0 0
outer loop
vertex 2.151781e+01 1.233587e+01 1.003781e+01
vertex 2.003782e+01 1.282574e+01 1.082325e+01
vertex 2.189796e+01 1.504415e+01 1.114000e+01
endloop
endfacet
facet normal 0 0 0
outer loop
vertex 1.895034e+01 1.435321e+01 1.196915e+01
vertex 2.189796e+01 1.504415e+01 1.114000e+01
vertex 2.003782e+01 1.282574e+01 1.082325e+01
endloop
endfacet
facet normal 0 0 0
outer loop
vertex 7.324225e+00 8.818315e+00 2.069178e+01
vertex 4.047629e+00 1.039490e+01 2.072896e+01
vertex 5.345626e+00 8.290651e+00 2.082082e+01
endloop
endfacet
facet normal 0 0 0
outer loop
vertex 2.041444e+01 1.070439e+01 9.833929e+00
vertex 1.873722e+01 1.091937e+01 1.062401e+01
vertex 2.003782e+01 1.282574e+01 1.082325e+01
endloop
endfacet
facet normal 0 0 0
outer loop
vertex 1.873722e+01 1.091937e+01 1.062401e+01
vertex 2.041444e+01 1.070439e+01 9.833929e+00
vertex 1.988185e+01 9.335984e+00 9.595285e+00
endloop
endfacet
facet normal 0 0 0
outer loop
vertex 2.632116e+01 -6.251618e+00 1.065574e+01
vertex 2.662679e+01 -4.933496e+00 1.057841e+01
vertex 2.575021e+01 -5.351372e+00 1.181455e+01
endloop
endfacet
facet normal 0 0 0
outer loop
vertex 1.257614e+01 1.504537e+01 1.790675e+01
vertex 1.407072e+01 1.362733e+01 1.792025e+01
vertex 1.376645e+01 1.529862e+01 1.728719e+01
endloop
endfacet
facet normal 0 0 0
outer loop
vertex 1.350282e+01 4.373106e+00 1.165216e+01
vertex 1.468006e+01 3.399764e+00 1.088113e+01
vertex 1.230350e+01 2.929710e+00 1.217724e+01
endloop
endfacet
facet normal 0 0 0
outer loop
vertex 1.468006e+01 3.399764e+00 1.088113e+01
vertex 1.427813e+01 1.702160e+00 1.096241e+01
vertex 1.230350e+01 2.929710e+00 1.217724e+01
endloop
endfacet
facet normal 0 0 0
outer loop
vertex 2.311339e+01 9.485311e+00 1.334337e+01
vertex 2.382737e+01 7.841143e+00 1.323883e+01
vertex 2.445428e+01 9.045828e+00 1.192087e+01
endloop
endfacet
facet normal 0 0 0
outer loop
vertex 2.538613e+01 2.215102e-01 1.295672e+01
vertex 2.453508e+01 1.527711e+00 1.389518e+01
vertex 2.480822e+01 -5.276324e-01 1.366076e+01
endloop
endfacet
facet normal 0 0 0
outer loop
vertex 1.851205e+01 -4.913162e+00 9.160335e+00
vertex 2.008137e+01 -5.801805e+00 8.620460e+00
vertex 1.784729e+01 -6.434526e+00 9.752669e+00
endloop
endfacet
facet normal 0 0 0
outer loop
vertex 2.701059e+00 -7.341165e+00 1.931363e+01
vertex 9.639067e-01 -8.241646e+00 2.085077e+01
vertex 2.091167e+00 -5.446264e+00 1.941819e+01
endloop
endfacet
facet normal 0 0 0
outer loop
vertex 2.098041e+01 1.357225e+01 1.330691e+01
vertex 2.076840e+01 1.245950e+01 1.418736e+01
vertex 2.194446e+01 1.242409e+01 1.303582e+01
endloop
endfacet
facet normal 0 0 0
outer loop
vertex 2.187783e+01 1.139514e+01 1.369740e+01
vertex 2.194446e+01 1.242409e+01 1.303582e+01
vertex 2.076840e+01 1.245950e+01 1.418736e+01
endloop
endfacet
facet normal 0 0 0
outer loop
vertex 1.996025e+01 1.672432e+00 1.771367e+01
vertex 1.834545e+01 8.183846e-01 1.865022e+01
vertex 1.926054e+01 -9.784433e-02 1.818113e+01
endloop
endfacet
facet normal 0 0 0
outer loop
vertex 2.646465e+01 4.895232e+00 1.067955e+01
vertex 2.633250e+01 6.998718e+00 1.006479e+01
vertex 2.596582e+01 6.405451e+00 1.093282e+01
endloop
endfacet
facet normal 0 0 0
outer loop
vertex 6.504415e+00 6.213641e+00 1.634428e+01
vertex 7.706431e+00 7.531698e+00 1.580398e+01
vertex 8.375141e+00 5.707438e+00 1.498991e+01
endloop
endfacet
facet normal 0 0 0
outer loop
vertex 2.264813e+01 8.659928e+00 1.418450e+01
vertex 2.311339e+01 9.485311e+00 1.334337e+01
vertex 2.241771e+01 1.018480e+01 1.376215e+01
endloop
endfacet
facet normal 0 0 0
outer loop
vertex 2.480822e+01 -5.276324e-01 1.366076e+01
vertex 2.540658e+01 -1.691642e+00 1.289238e+01
vertex 2.585990e+01 -4.673905e-01 1.234453e+01
endloop
endfacet
facet normal 0 0 0
outer loop
vertex 1.887948e+01 -1.975760e+00 1.835186e+01
vertex 1.926054e+01 -9.784433e-02 1.818113e+01
vertex 1.817823e+01 -5.354784e-01 1.874731e+01
endloop
endfacet
facet normal 0 0 0
outer loop
vertex 1.816754e+01 1.137447e+01 1.668918e+01
vertex 1.809255e+01 1.291981e+01 1.605928e+01
vertex 1.683997e+01 1.251459e+01 1.701420e+01
endloop
endfacet
facet normal 0 0 0
outer loop
vertex 1.686412e+01 1.106756e+01 1.756564e+01
vertex 1.816754e+01 1.137447e+01 1.668918e+01
vertex 1.683997e+01 1.251459e+01 1.701420e+01
endloop
endfacet
facet normal 0 0 0
outer loop
vertex 2.538613e+01 2.215102e-01 1.295672e+01
vertex 2.626942e+01 6.102490e-01 1.174231e+01
vertex 2.530180e+01 1.752721e+00 1.296588e+01
endloop
endfacet
facet normal 0 0 0
outer loop
vertex 2.036234e+01 4.559005e+00 1.713782e+01
vertex 2.149090e+01 4.984098e+00 1.624545e+01
vertex 2.079039e+01 6.720943e+00 1.639802e+01
endloop
endfacet
facet normal 0 0 0
outer loop
vertex 2.079039e+01 6.720943e+00 1.639802e+01
vertex 1.952735e+01 5.950608e+00 1.743358e+01
vertex 2.036234e+01 4.559005e+00 1.713782e+01
endloop
endfacet
facet normal 0 0 0
outer loop
vertex 1.387717e+01 -3.472383e-01 2.028166e+01
vertex 1.330405e+01 1.433277e+00 2.038480e+01
vertex 1.192509e+01 3.940558e-01 2.064584e+01
endloop
endfacet
facet normal 0 0 0
outer loop
vertex 1.915390e+01 -7.658968e+00 9.436797e+00
vertex 1.784729e+01 -6.434526e+00 9.752669e+00
vertex 2.008137e+01 -5.801805e+00 8.620460e+00
endloop
endfacet
facet normal 0 0 0
outer loop
vertex 6.697124e+00 6.091720e+00 2.084822e+01
vertex 8.860456e+00 1.316387e+00 2.084481e+01
vertex 9.120306e+00 4.778844e+00 2.080155e+01
endloop
endfacet
facet normal 0 0 0
outer loop
vertex 2.230033e+01 -1.476185e+00 1.607941e+01
vertex 2.147331e+01 -2.454304e+00 1.666753e+01
vertex 2.273735e+01 -3.063568e+00 1.558722e+01
endloop
endfacet
facet normal 0 0 0
outer loop
vertex 2.273735e+01 -3.063568e+00 1.558722e+01
vertex 2.147331e+01 -2.454304e+00 1.666753e+01
vertex 2.172157e+01 -3.791934e+00 1.634779e+01
endloop
endfacet
facet normal 0 0 0
outer loop
vertex 1.544161e+01 1.375676e+01 1.721987e+01
vertex 1.683997e+01 1.251459e+01 1.701420e+01
vertex 1.673470e+01 1.367404e+01 1.655245e+01
endloop
endfacet
facet normal 0 0 0
outer loop
vertex 1.544161e+01 1.375676e+01 1.721987e+01
vertex 1.556238e+01 1.236549e+01 1.774515e+01
vertex 1.683997e+01 1.251459e+01 1.701420e+01
endloop
endfacet
facet normal 0 0 0
outer loop
vertex 2.087423e+01 -1.123998e+01 1.500594e+01
vertex 2.237000e+01 -1.051064e+01 1.393995e+01
vertex 2.171009e+01 -9.731825e+00 1.489634e+01
endloop
endfacet
facet normal 0 0 0
outer loop
vertex 2.237000e+01 -1.051064e+01 1.393995e+01
vertex 2.279507e+01 -9.183855e+00 1.406958e+01
vertex 2.171009e+01 -9.731825e+00 1.489634e+01
endloop
endfacet
facet normal 0 0 0
outer loop
vertex 2.236040e+01 2.298635e+00 1.592925e+01
vertex 2.215639e+01 3.836981e+00 1.590880e+01
vertex 2.130060e+01 2.320921e+00 1.675916e+01
endloop
endfacet
facet normal 0 0 0
outer loop
vertex 2.482308e+01 -3.365097e+00 1.342609e+01
vertex 2.517612e+01 -4.677827e+00 1.275788e+01
vertex 2.577112e+01 -3.023339e+00 1.227079e+01
endloop
endfacet
facet normal 0 0 0
outer loop
vertex 2.721172e+01 -9.146897e-01 1.024098e+01
vertex 2.635932e+01 -1.461456e+00 1.159550e+01
vertex 2.700792e+01 -2.241928e+00 1.048785e+01
endloop
endfacet
facet normal 0 0 0
outer loop
vertex 2.171009e+01 -9.731825e+00 1.489634e+01
vertex 2.279507e+01 -9.183855e+00 1.406958e+01
vertex 2.242353e+01 -8.136198e+00 1.480509e+01
endloop
endfacet
facet normal 0 0 0
outer loop
vertex 2.633250e+01 6.998718e+00 1.006479e+01
vertex 2.672903e+01 7.834335e+00 8.864048e+00
vertex 2.611897e+01 8.674763e+00 9.523069e+00
endloop
endfacet
facet normal 0 0 0
outer loop
vertex 2.633250e+01 6.998718e+00 1.006479e+01
vertex 2.611897e+01 8.674763e+00 9.523069e+00
vertex 2.543251e+01 7.987713e+00 1.105197e+01
endloop
endfacet
facet normal 0 0 0
outer loop
vertex 1.873722e+01 1.091937e+01 1.062401e+01
vertex 1.630847e+01 1.112936e+01 1.184087e+01
vertex 1.697012e+01 1.286229e+01 1.219634e+01
endloop
endfacet
facet normal 0 0 0
outer loop
vertex 1.931719e+01 7.790778e+00 1.714144e+01
vertex 1.796719e+01 8.817070e+00 1.767308e+01
vertex 1.838700e+01 7.553819e+00 1.776390e+01
endloop
endfacet
facet normal 0 0 0
outer loop
vertex 1.767933e+01 -1.349706e+01 1.634459e+01
vertex 1.721630e+01 -1.256082e+01 1.703249e+01
vertex 1.616739e+01 -1.441384e+01 1.681053e+01
endloop
endfacet
facet normal 0 0 0
outer loop
vertex 1.321245e+01 -3.681996e+00 2.033918e+01
vertex 1.433310e+01 -2.035352e+00 2.014232e+01
vertex 1.329526e+01 -1.873083e+00 2.039202e+01
endloop
endfacet
facet normal 0 0 0
outer loop
vertex 2.160780e+01 -1.562748e+01 1.154458e+01
vertex 1.842510e+01 -1.531620e+01 1.267133e+01
vertex 1.943834e+01 -1.350968e+01 1.137185e+01
endloop
endfacet
facet normal 0 0 0
outer loop
vertex 4.595798e+00 6.385851e+00 1.772431e+01
vertex 2.293705e+00 7.184502e+00 1.958704e+01
vertex 3.157965e+00 8.846165e+00 1.933005e+01
endloop
endfacet
facet normal 0 0 0
outer loop
vertex 6.974916e+00 1.012518e+01 1.698663e+01
vertex 5.003361e+00 1.042561e+01 1.844252e+01
vertex 7.346745e+00 1.265163e+01 1.761128e+01
endloop
endfacet
facet normal 0 0 0
outer loop
vertex 1.338513e+01 9.494650e+00 1.283860e+01
vertex 1.381989e+01 7.676324e+00 1.210560e+01
vertex 1.156137e+01 7.635881e+00 1.338963e+01
endloop
endfacet
facet normal 0 0 0
outer loop
vertex 4.047629e+00 1.039490e+01 2.072896e+01
vertex 2.094349e+00 1.097485e+01 2.073178e+01
vertex 1.268850e+00 9.215116e+00 2.084243e+01
endloop
endfacet
facet normal 0 0 0
outer loop
vertex 5.641793e+00 -9.109813e+00 1.761160e+01
vertex 7.584344e+00 -1.043190e+01 1.667481e+01
vertex 5.461202e+00 -1.088794e+01 1.826873e+01
endloop
endfacet
facet normal 0 0 0
outer loop
vertex 7.584344e+00 -1.043190e+01 1.667481e+01
vertex 5.641793e+00 -9.109813e+00 1.761160e+01
vertex 7.539055e+00 -8.285511e+00 1.609535e+01
endloop
endfacet
facet normal 0 0 0
outer loop
vertex 9.573943e+00 -3.258022e+00 1.387827e+01
vertex 9.639481e+00 -1.686783e+00 1.371846e+01
vertex 1.208156e+01 -1.579826e+00 1.221276e+01
endloop
endfacet
facet normal 0 0 0
outer loop
vertex 1.227099e+01 -3.772159e+00 1.228366e+01
vertex 9.573943e+00 -3.258022e+00 1.387827e+01
vertex 1.208156e+01 -1.579826e+00 1.221276e+01
endloop
endfacet
facet normal 0 0 0
outer loop
vertex 1.559997e+01 1.738663e+01 1.506016e+01
vertex 1.712982e+01 1.711686e+01 1.418748e+01
vertex 1.466045e+01 1.579742e+01 1.469580e+01
endloop
endfacet
facet normal 0 0 0
outer loop
vertex 6.173377e+00 2.530319e+00 2.085061e+01
vertex 6.697124e+00 6.091720e+00 2.084822e+01
vertex 3.357418e+00 3.680292e+00 2.085075e+01
endloop
endfacet
facet normal 0 0 0
outer loop
vertex 1.207635e+01 -1.375476e+01 1.883847e+01
vertex 1.138116e+01 -1.254819e+01 1.942585e+01
vertex 1.035615e+01 -1.392769e+01 1.927559e+01
endloop
endfacet
facet normal 0 0 0
outer loop
vertex 1.207635e+01 -1.375476e+01 1.883847e+01
vertex 1.035615e+01 -1.392769e+01 1.927559e+01
vertex 1.155114e+01 -1.496289e+01 1.855916e+01
endloop
endfacet
facet normal 0 0 0
outer loop
vertex 1.466209e+01 -2.530657e-01 1.069968e+01
vertex 1.299912e+01 -3.771905e-01 1.163513e+01
vertex 1.427813e+01 1.702160e+00 1.096241e+01
endloop
endfacet
facet normal 0 0 0
outer loop
vertex 1.427813e+01 1.702160e+00 1.096241e+01
vertex 1.299912e+01 -3.771905e-01 1.163513e+01
vertex 1.249665e+01 1.107093e+00 1.194631e+01
endloop
endfacet
facet normal 0 0 0
outer loop
vertex 1.342029e+01 1.285844e+01 1.847786e+01
vertex 1.200049e+01 1.412955e+01 1.850082e+01
vertex 1.259218e+01 1.215479e+01 1.900405e+01
endloop
endfacet
facet normal 0 0 0
outer loop
vertex 1.943834e+01 -1.350968e+01 1.137185e+01
vertex 2.026062e+01 -1.185700e+01 1.033226e+01
vertex 2.169318e+01 -1.303467e+01 1.027347e+01
endloop
endfacet
facet normal 0 0 0
outer loop
vertex 1.798928e+01 -5.161216e+00 1.852620e+01
vertex 1.863026e+01 -6.927762e+00 1.789652e+01
vertex 1.899816e+01 -5.450331e+00 1.794539e+01
endloop
endfacet
facet normal 0 0 0
outer loop
vertex 1.922276e+01 1.327492e+01 1.505521e+01
vertex 1.809255e+01 1.291981e+01 1.605928e+01
vertex 1.926297e+01 1.178843e+01 1.576816e+01
endloop
endfacet
facet normal 0 0 0
outer loop
vertex 2.441340e+01 -6.381259e+00 7.125044e+00
vertex 2.287832e+01 -7.019983e+00 7.790475e+00
vertex 2.295866e+01 -5.199971e+00 7.382827e+00
endloop
endfacet
facet normal 0 0 0
outer loop
vertex 2.287832e+01 -7.019983e+00 7.790475e+00
vertex 2.421765e+01 -7.615466e+00 7.484766e+00
vertex 2.245305e+01 -8.673775e+00 8.385799e+00
endloop
endfacet
facet normal 0 0 0
outer loop
vertex 2.115051e+01 7.815372e+00 1.582197e+01
vertex 2.119902e+01 9.106906e+00 1.534717e+01
vertex 2.015932e+01 8.147757e+00 1.647257e+01
endloop
endfacet
facet normal 0 0 0
outer loop
vertex 2.239463e+01 5.720852e+00 1.533700e+01
vertex 2.210789e+01 7.144516e+00 1.521296e+01
vertex 2.079039e+01 6.720943e+00 1.639802e+01
endloop
endfacet
facet normal 0 0 0
outer loop
vertex 2.307262e+01 1.150751e+01 9.145659e+00
vertex 2.368445e+01 9.570039e+00 8.238746e+00
vertex 2.180139e+01 9.932617e+00 9.023528e+00
endloop
endfacet
facet normal 0 0 0
outer loop
vertex 9.725003e+00 7.818810e+00 1.456086e+01
vertex 1.036139e+01 5.829993e+00 1.374532e+01
vertex 8.375141e+00 5.707438e+00 1.498991e+01
endloop
endfacet
facet normal 0 0 0
outer loop
vertex 9.180089e+00 1.529226e+01 1.756326e+01
vertex 1.070771e+01 1.713164e+01 1.755254e+01
vertex 1.096905e+01 1.500668e+01 1.634478e+01
endloop
endfacet
facet normal 0 0 0
outer loop
vertex 1.472757e+01 -1.392202e+01 1.775649e+01
vertex 1.493416e+01 -1.482687e+01 1.726569e+01
vertex 1.616739e+01 -1.441384e+01 1.681053e+01
endloop
endfacet
facet normal 0 0 0
outer loop
vertex 1.553228e+01 -1.048470e+01 1.857551e+01
vertex 1.647268e+01 -9.749139e+00 1.835237e+01
vertex 1.603368e+01 -8.555814e+00 1.883340e+01
endloop
endfacet
facet normal 0 0 0
outer loop
vertex 3.951705e+00 -1.363626e+01 2.033003e+01
vertex 4.766226e+00 -1.440416e+01 2.007456e+01
vertex 5.860516e+00 -1.348159e+01 2.019013e+01
endloop
endfacet
facet normal 0 0 0
outer loop
vertex 1.350282e+01 4.373106e+00 1.165216e+01
vertex 1.230350e+01 2.929710e+00 1.217724e+01
vertex 1.166828e+01 4.276635e+00 1.270184e+01
endloop
endfacet
facet normal 0 0 0
outer loop
vertex 1.222983e+01 5.626849e+00 1.258014e+01
vertex 1.350282e+01 4.373106e+00 1.165216e+01
vertex 1.166828e+01 4.276635e+00 1.270184e+01
endloop
endfacet
facet normal 0 0 0
outer loop
vertex 1.168220e+01 9.283962e+00 1.996873e+01
vertex 1.006711e+01 9.301658e+00 2.029051e+01
vertex 1.158769e+01 7.160537e+00 2.031359e+01
endloop
endfacet
facet normal 0 0 0
outer loop
vertex 1.851669e+01 2.647576e+00 8.875709e+00
vertex 1.949489e+01 4.049155e+00 8.587094e+00
vertex 2.070509e+01 2.833224e+00 7.929899e+00
endloop
endfacet
facet normal 0 0 0
outer loop
vertex 2.021115e+01 1.094074e+00 8.025047e+00
vertex 1.851669e+01 2.647576e+00 8.875709e+00
vertex 2.070509e+01 2.833224e+00 7.929899e+00
endloop
endfacet
facet normal 0 0 0
outer loop
vertex 2.421682e+01 6.093471e+00 1.339143e+01
vertex 2.461528e+01 7.590384e+00 1.237581e+01
vertex 2.382737e+01 7.841143e+00 1.323883e+01
endloop
endfacet
facet normal 0 0 0
outer loop
vertex 2.058435e+01 -6.366200e+00 1.676709e+01
vertex 2.080482e+01 -7.815234e+00 1.626225e+01
vertex 2.177639e+01 -7.193653e+00 1.565816e+01
endloop
endfacet
facet normal 0 0 0
outer loop
vertex 2.210789e+01 7.144516e+00 1.521296e+01
vertex 2.119902e+01 9.106906e+00 1.534717e+01
vertex 2.115051e+01 7.815372e+00 1.582197e+01
endloop
endfacet
facet normal 0 0 0
outer loop
vertex 2.459713e+01 1.271972e+01 9.153046e+00
vertex 2.320418e+01 1.406289e+01 1.020623e+01
vertex 2.422458e+01 1.250040e+01 9.973791e+00
endloop
endfacet
facet normal 0 0 0
outer loop
vertex 2.692658e+01 -9.871056e+00 7.398090e+00
vertex 2.764123e+01 -8.408462e+00 6.754380e+00
vertex 2.701283e+01 -8.747542e+00 8.043751e+00
endloop
endfacet
facet normal 0 0 0
outer loop
vertex 1.770803e+01 -1.732791e+01 1.404612e+01
vertex 1.627845e+01 -1.762652e+01 1.487275e+01
vertex 1.601679e+01 -1.470046e+01 1.347813e+01
endloop
endfacet
facet normal 0 0 0
outer loop
vertex 2.371075e+01 -1.181758e+01 9.058261e+00
vertex 2.351901e+01 -1.019418e+01 8.504670e+00
vertex 2.614943e+01 -1.117146e+01 8.072318e+00
endloop
endfacet
facet normal 0 0 0
outer loop
vertex 7.281195e+00 1.261620e+01 2.007172e+01
vertex 6.754359e+00 1.175359e+01 2.032745e+01
vertex 8.145268e+00 1.131254e+01 2.023435e+01
endloop
endfacet
facet normal 0 0 0
outer loop
vertex 2.135126e+01 -6.071548e+00 8.151826e+00
vertex 2.008137e+01 -5.801805e+00 8.620460e+00
vertex 2.138191e+01 -4.533649e+00 7.866525e+00
endloop
endfacet
facet normal 0 0 0
outer loop
vertex 2.061963e+01 -7.923846e+00 8.881605e+00
vertex 2.008137e+01 -5.801805e+00 8.620460e+00
vertex 2.135126e+01 -6.071548e+00 8.151826e+00
endloop
endfacet
facet normal 0 0 0
outer loop
vertex 2.008137e+01 -5.801805e+00 8.620460e+00
vertex 2.061963e+01 -7.923846e+00 8.881605e+00
vertex 1.915390e+01 -7.658968e+00 9.436797e+00
endloop
endfacet
facet normal 0 0 0
outer loop
vertex 2.160780e+01 -1.562748e+01 1.154458e+01
vertex 1.943834e+01 -1.350968e+01 1.137185e+01
vertex 2.169318e+01 -1.303467e+01 1.027347e+01
endloop
endfacet
facet normal 0 0 0
outer loop
vertex 2.171362e+01 -1.413086e+01 1.256015e+01
vertex 2.259418e+01 -1.255477e+01 1.260531e+01
vertex 2.153826e+01 -1.302320e+01 1.346766e+01
endloop
endfacet
facet normal 0 0 0
outer loop
vertex 2.273564e+01 -1.135178e+01 1.313624e+01
vertex 2.153826e+01 -1.302320e+01 1.346766e+01
vertex 2.259418e+01 -1.255477e+01 1.260531e+01
endloop
endfacet
facet normal 0 0 0
outer loop
vertex 1.058419e+01 1.706823e+00 2.077530e+01
vertex 1.128795e+01 3.559580e+00 2.064693e+01
vertex 9.120306e+00 4.778844e+00 2.080155e+01
endloop
endfacet
facet normal 0 0 0
outer loop
vertex 6.276103e+00 2.675974e+00 1.603036e+01
vertex 5.135517e+00 4.530702e+00 1.703741e+01
vertex 7.151146e+00 3.948860e+00 1.555363e+01
endloop
endfacet
facet normal 0 0 0
outer loop
vertex 5.135517e+00 4.530702e+00 1.703741e+01
vertex 6.504415e+00 6.213641e+00 1.634428e+01
vertex 7.151146e+00 3.948860e+00 1.555363e+01
endloop
endfacet
facet normal 0 0 0
outer loop
vertex 2.160780e+01 -1.562748e+01 1.154458e+01
vertex 2.286817e+01 -1.363366e+01 1.152379e+01
vertex 2.171362e+01 -1.413086e+01 1.256015e+01
endloop
endfacet
facet normal 0 0 0
outer loop
vertex 2.289867e+01 -1.470199e+01 1.062426e+01
vertex 2.286817e+01 -1.363366e+01 1.152379e+01
vertex 2.160780e+01 -1.562748e+01 1.154458e+01
endloop
endfacet
facet normal 0 0 0
outer loop
vertex 2.923267e+01 -1.544690e+00 5.197177e+00
vertex 2.909291e+01 -3.036003e+00 5.347214e+00
vertex 2.747192e+01 -1.768980e+00 5.609056e+00
endloop
endfacet
facet normal 0 0 0
outer loop
vertex 2.367954e+01 1.160333e+01 1.146075e+01
vertex 2.428255e+01 1.044852e+01 1.137132e+01
vertex 2.457187e+01 1.125206e+01 1.040257e+01
endloop
endfacet
facet normal 0 0 0
outer loop
vertex 2.428255e+01 1.044852e+01 1.137132e+01
vertex 2.367954e+01 1.160333e+01 1.146075e+01
vertex 2.327448e+01 1.042045e+01 1.269374e+01
endloop
endfacet
facet normal 0 0 0
outer loop
vertex 1.625253e+01 -1.167070e+01 1.206834e+01
vertex 1.506185e+01 -1.039773e+01 1.222107e+01
vertex 1.704276e+01 -9.933888e+00 1.107209e+01
endloop
endfacet
facet normal 0 0 0
outer loop
vertex 2.646465e+01 4.895232e+00 1.067955e+01
vertex 2.642926e+01 3.295134e+00 1.115526e+01
vertex 2.691250e+01 3.925582e+00 1.019987e+01
endloop
endfacet
facet normal 0 0 0
outer loop
vertex 2.646465e+01 4.895232e+00 1.067955e+01
vertex 2.584319e+01 4.910634e+00 1.163425e+01
vertex 2.642926e+01 3.295134e+00 1.115526e+01
endloop
endfacet
facet normal 0 0 0
outer loop
vertex 2.904336e+01 2.941675e+00 5.344475e+00
vertex 2.846169e+01 4.174153e+00 6.669365e+00
vertex 2.872397e+01 2.138778e+00 6.628442e+00
endloop
endfacet
facet normal 0 0 0
outer loop
vertex 2.846169e+01 4.174153e+00 6.669365e+00
vertex 2.904336e+01 2.941675e+00 5.344475e+00
vertex 2.872886e+01 4.602351e+00 5.635041e+00
endloop
endfacet
facet normal 0 0 0
outer loop
vertex 2.827364e+01 6.261244e+00 6.053225e+00
vertex 2.846169e+01 4.174153e+00 6.669365e+00
vertex 2.872886e+01 4.602351e+00 5.635041e+00
endloop
endfacet
facet normal 0 0 0
outer loop
vertex 2.452131e+01 5.105525e+00 6.837801e+00
vertex 2.424689e+01 3.637462e+00 6.704157e+00
vertex 2.325148e+01 4.887737e+00 7.223228e+00
endloop
endfacet
facet normal 0 0 0
outer loop
vertex 2.452131e+01 5.105525e+00 6.837801e+00
vertex 2.325148e+01 4.887737e+00 7.223228e+00
vertex 2.342047e+01 6.666001e+00 7.517109e+00
endloop
endfacet
facet normal 0 0 0
outer loop
vertex 1.967876e+01 -6.157781e+00 1.741613e+01
vertex 1.863026e+01 -6.927762e+00 1.789652e+01
vertex 1.940118e+01 -8.185698e+00 1.714428e+01
endloop
endfacet
facet normal 0 0 0
outer loop
vertex 1.967876e+01 -6.157781e+00 1.741613e+01
vertex 1.940118e+01 -8.185698e+00 1.714428e+01
vertex 2.058435e+01 -6.366200e+00 1.676709e+01
endloop
endfacet
facet normal 0 0 0
outer loop
vertex 1.512568e+01 1.533191e+01 1.660226e+01
vertex 1.366901e+01 1.651361e+01 1.668230e+01
vertex 1.376645e+01 1.529862e+01 1.728719e+01
endloop
endfacet
facet normal 0 0 0
outer loop
vertex 9.725003e+00 7.818810e+00 1.456086e+01
vertex 8.375141e+00 5.707438e+00 1.498991e+01
vertex 7.706431e+00 7.531698e+00 1.580398e+01
endloop
endfacet
facet normal 0 0 0
outer loop
vertex 8.116846e+00 -5.794782e+00 2.082836e+01
vertex 7.635814e+00 -3.444469e+00 2.084787e+01
vertex 5.427808e+00 -3.313665e+00 2.085051e+01
endloop
endfacet
facet normal 0 0 0
outer loop
vertex 1.816770e+01 9.785580e+00 1.726377e+01
vertex 1.796719e+01 8.817070e+00 1.767308e+01
vertex 1.918888e+01 9.267280e+00 1.679126e+01
endloop
endfacet
facet normal 0 0 0
outer loop
vertex 5.472500e+00 1.301499e+01 2.019523e+01
vertex 3.893270e+00 1.334974e+01 2.025869e+01
vertex 5.313705e+00 1.113780e+01 2.056587e+01
endloop
endfacet
facet normal 0 0 0
outer loop
vertex 2.299642e+01 4.008643e+00 1.514068e+01
vertex 2.349817e+01 5.551114e+00 1.432453e+01
vertex 2.239463e+01 5.720852e+00 1.533700e+01
endloop
endfacet
facet normal 0 0 0
outer loop
vertex 1.381989e+01 7.676324e+00 1.210560e+01
vertex 1.338513e+01 9.494650e+00 1.283860e+01
vertex 1.571671e+01 8.311943e+00 1.125464e+01
endloop
endfacet
facet normal 0 0 0
outer loop
vertex 1.926054e+01 -9.784433e-02 1.818113e+01
vertex 1.887948e+01 -1.975760e+00 1.835186e+01
vertex 2.025082e+01 -1.133992e+00 1.758274e+01
endloop
endfacet
facet normal 0 0 0
outer loop
vertex 1.360978e+01 -6.620944e+00 1.198329e+01
vertex 1.631881e+01 -8.192464e+00 1.091612e+01
vertex 1.413189e+01 -8.377389e+00 1.211284e+01
endloop
endfacet
facet normal 0 0 0
outer loop
vertex 2.022914e+01 -2.743844e+00 1.751089e+01
vertex 2.042443e+01 -4.154664e+00 1.724200e+01
vertex 2.147331e+01 -2.454304e+00 1.666753e+01
endloop
endfacet
facet normal 0 0 0
outer loop
vertex 2.584319e+01 4.910634e+00 1.163425e+01
vertex 2.646465e+01 4.895232e+00 1.067955e+01
vertex 2.596582e+01 6.405451e+00 1.093282e+01
endloop
endfacet
facet normal 0 0 0
outer loop
vertex 2.410825e+01 -1.364461e+01 9.720273e+00
vertex 2.375870e+01 -1.283468e+01 1.090650e+01
vertex 2.289867e+01 -1.470199e+01 1.062426e+01
endloop
endfacet
facet normal 0 0 0
outer loop
vertex 2.410825e+01 -1.364461e+01 9.720273e+00
vertex 2.475895e+01 -1.158836e+01 1.029910e+01
vertex 2.375870e+01 -1.283468e+01 1.090650e+01
endloop
endfacet
facet normal 0 0 0
outer loop
vertex 1.070771e+01 1.713164e+01 1.755254e+01
vertex 9.180089e+00 1.529226e+01 1.756326e+01
vertex 9.566833e+00 1.682781e+01 1.807278e+01
endloop
endfacet
facet normal 0 0 0
outer loop
vertex 8.330298e+00 9.250272e+00 1.582743e+01
vertex 9.725003e+00 7.818810e+00 1.456086e+01
vertex 7.706431e+00 7.531698e+00 1.580398e+01
endloop
endfacet
facet normal 0 0 0
outer loop
vertex 1.049190e+01 -8.549528e+00 2.041230e+01
vertex 9.664655e+00 -1.060044e+01 2.024664e+01
vertex 1.092737e+01 -1.074401e+01 1.997096e+01
endloop
endfacet
facet normal 0 0 0
outer loop
vertex 8.116846e+00 -5.794782e+00 2.082836e+01
vertex 9.578832e+00 -3.119970e+00 2.082013e+01
vertex 7.635814e+00 -3.444469e+00 2.084787e+01
endloop
endfacet
facet normal 0 0 0
outer loop
vertex 1.423628e+01 1.749068e+01 1.580067e+01
vertex 1.303583e+01 1.746258e+01 1.642066e+01
vertex 1.366901e+01 1.651361e+01 1.668230e+01
endloop
endfacet
facet normal 0 0 0
outer loop
vertex 8.330298e+00 9.250272e+00 1.582743e+01
vertex 1.004679e+01 9.916445e+00 1.493199e+01
vertex 9.725003e+00 7.818810e+00 1.456086e+01
endloop
endfacet
facet normal 0 0 0
outer loop
vertex 1.967876e+01 -6.157781e+00 1.741613e+01
vertex 2.058435e+01 -6.366200e+00 1.676709e+01
vertex 2.042443e+01 -4.154664e+00 1.724200e+01
endloop
endfacet
facet normal 0 0 0
outer loop
vertex 2.289867e+01 -1.470199e+01 1.062426e+01
vertex 2.160780e+01 -1.562748e+01 1.154458e+01
vertex 2.169318e+01 -1.303467e+01 1.027347e+01
endloop
endfacet
facet normal 0 0 0
outer loop
vertex 4.595798e+00 6.385851e+00 1.772431e+01
vertex 4.824676e+00 8.215440e+00 1.795578e+01
vertex 6.504415e+00 6.213641e+00 1.634428e+01
endloop
endfacet
facet normal 0 0 0
outer loop
vertex 9.725003e+00 7.818810e+00 1.456086e+01
vertex 1.156137e+01 7.635881e+00 1.338963e+01
vertex 1.036139e+01 5.829993e+00 1.374532e+01
endloop
endfacet
facet normal 0 0 0
outer loop
vertex 1.109234e+01 1.118536e+01 1.471223e+01
vertex 1.301256e+01 1.129852e+01 1.363912e+01
vertex 1.172860e+01 9.412204e+00 1.376440e+01
endloop
endfacet
facet normal 0 0 0
outer loop
vertex 2.080482e+01 -7.815234e+00 1.626225e+01
vertex 2.003627e+01 -9.276768e+00 1.640053e+01
vertex 2.102088e+01 -9.242525e+00 1.566247e+01
endloop
endfacet
facet normal 0 0 0
outer loop
vertex 2.115051e+01 7.815372e+00 1.582197e+01
vertex 2.015932e+01 8.147757e+00 1.647257e+01
vertex 2.079039e+01 6.720943e+00 1.639802e+01
endloop
endfacet
facet normal 0 0 0
outer loop
vertex 2.030981e+01 1.047435e+01 1.553824e+01
vertex 2.028517e+01 1.166421e+01 1.502512e+01
vertex 1.926297e+01 1.178843e+01 1.576816e+01
endloop
endfacet
facet normal 0 0 0
outer loop
vertex 2.428255e+01 1.044852e+01 1.137132e+01
vertex 2.327448e+01 1.042045e+01 1.269374e+01
vertex 2.445428e+01 9.045828e+00 1.192087e+01
endloop
endfacet
facet normal 0 0 0
outer loop
vertex 4.151288e+00 3.098593e+00 1.758454e+01
vertex 5.971749e+00 1.160538e+00 1.615797e+01
vertex 2.891823e+00 8.682427e-01 1.839136e+01
endloop
endfacet
facet normal 0 0 0
outer loop
vertex 1.466209e+01 -2.530657e-01 1.069968e+01
vertex 1.427813e+01 1.702160e+00 1.096241e+01
vertex 1.574055e+01 6.864974e-01 1.013378e+01
endloop
endfacet
facet normal 0 0 0
outer loop
vertex 1.632851e+01 -5.272912e+00 1.925407e+01
vertex 1.688659e+01 -3.827475e+00 1.917475e+01
vertex 1.512733e+01 -3.463266e+00 1.984336e+01
endloop
endfacet
facet normal 0 0 0
outer loop
vertex 1.756399e+01 -2.158940e+00 1.899183e+01
vertex 1.887948e+01 -1.975760e+00 1.835186e+01
vertex 1.817823e+01 -5.354784e-01 1.874731e+01
endloop
endfacet
facet normal 0 0 0
outer loop
vertex 2.087874e+01 -2.249808e-01 7.722703e+00
vertex 2.273961e+01 -2.153560e+00 7.080017e+00
vertex 2.065349e+01 -1.859302e+00 7.874303e+00
endloop
endfacet
facet normal 0 0 0
outer loop
vertex 2.147331e+01 -2.454304e+00 1.666753e+01
vertex 2.112190e+01 -8.267972e-01 1.700037e+01
vertex 2.025082e+01 -1.133992e+00 1.758274e+01
endloop
endfacet
facet normal 0 0 0
outer loop
vertex 2.022914e+01 -2.743844e+00 1.751089e+01
vertex 1.923166e+01 -3.568405e+00 1.804620e+01
vertex 2.042443e+01 -4.154664e+00 1.724200e+01
endloop
endfacet
facet normal 0 0 0
outer loop
vertex 2.087874e+01 -2.249808e-01 7.722703e+00
vertex 2.021115e+01 1.094074e+00 8.025047e+00
vertex 2.227028e+01 1.406554e+00 7.211314e+00
endloop
endfacet
facet normal 0 0 0
outer loop
vertex 2.758557e+01 -1.988938e+00 9.455895e+00
vertex 2.700792e+01 -2.241928e+00 1.048785e+01
vertex 2.714325e+01 -3.519089e+00 1.003900e+01
endloop
endfacet
facet normal 0 0 0
outer loop
vertex 2.700792e+01 -2.241928e+00 1.048785e+01
vertex 2.758557e+01 -1.988938e+00 9.455895e+00
vertex 2.721172e+01 -9.146897e-01 1.024098e+01
endloop
endfacet
facet normal 0 0 0
outer loop
vertex 1.142408e+01 1.350965e+01 1.891734e+01
vertex 1.259218e+01 1.215479e+01 1.900405e+01
vertex 1.200049e+01 1.412955e+01 1.850082e+01
endloop
endfacet
facet normal 0 0 0
outer loop
vertex 1.070771e+01 1.713164e+01 1.755254e+01
vertex 1.185738e+01 1.735182e+01 1.700780e+01
vertex 1.096905e+01 1.500668e+01 1.634478e+01
endloop
endfacet
facet normal 0 0 0
outer loop
vertex 1.096905e+01 1.500668e+01 1.634478e+01
vertex 1.185738e+01 1.735182e+01 1.700780e+01
vertex 1.243459e+01 1.585545e+01 1.591700e+01
endloop
endfacet
facet normal 0 0 0
outer loop
vertex 1.502466e+01 1.353275e+01 1.343934e+01
vertex 1.466045e+01 1.579742e+01 1.469580e+01
vertex 1.636559e+01 1.471387e+01 1.331711e+01
endloop
endfacet
facet normal 0 0 0
outer loop
vertex 1.384682e+01 1.394692e+01 1.424262e+01
vertex 1.466045e+01 1.579742e+01 1.469580e+01
vertex 1.502466e+01 1.353275e+01 1.343934e+01
endloop
endfacet
facet normal 0 0 0
outer loop
vertex 1.423628e+01 1.749068e+01 1.580067e+01
vertex 1.559997e+01 1.738663e+01 1.506016e+01
vertex 1.466045e+01 1.579742e+01 1.469580e+01
endloop
endfacet
facet normal 0 0 0
outer loop
vertex 1.673470e+01 1.367404e+01 1.655245e+01
vertex 1.809255e+01 1.291981e+01 1.605928e+01
vertex 1.786378e+01 1.435809e+01 1.546277e+01
endloop
endfacet
facet normal 0 0 0
outer loop
vertex 1.493416e+01 -1.482687e+01 1.726569e+01
vertex 1.343119e+01 -1.576584e+01 1.750377e+01
vertex 1.437948e+01 -1.636402e+01 1.675786e+01
endloop
endfacet
facet normal 0 0 0
outer loop
vertex 1.332185e+01 -1.463385e+01 1.806126e+01
vertex 1.343119e+01 -1.576584e+01 1.750377e+01
vertex 1.493416e+01 -1.482687e+01 1.726569e+01
endloop
endfacet
facet normal 0 0 0
outer loop
vertex 1.207635e+01 -1.375476e+01 1.883847e+01
vertex 1.262841e+01 -1.263703e+01 1.902964e+01
vertex 1.138116e+01 -1.254819e+01 1.942585e+01
endloop
endfacet
facet normal 0 0 0
outer loop
vertex 1.262841e+01 -1.263703e+01 1.902964e+01
vertex 1.248625e+01 -1.125326e+01 1.945953e+01
vertex 1.138116e+01 -1.254819e+01 1.942585e+01
endloop
endfacet
facet normal 0 0 0
outer loop
vertex 7.346745e+00 1.265163e+01 1.761128e+01
vertex 5.003361e+00 1.042561e+01 1.844252e+01
vertex 5.431606e+00 1.266943e+01 1.891956e+01
endloop
endfacet
facet normal 0 0 0
outer loop
vertex 2.519144e+01 -1.244748e+01 8.863677e+00
vertex 2.371075e+01 -1.181758e+01 9.058261e+00
vertex 2.614943e+01 -1.117146e+01 8.072318e+00
endloop
endfacet
facet normal 0 0 0
outer loop
vertex 2.151781e+01 1.233587e+01 1.003781e+01
vertex 2.189796e+01 1.504415e+01 1.114000e+01
vertex 2.320418e+01 1.406289e+01 1.020623e+01
endloop
endfacet
facet normal 0 0 0
outer loop
vertex 1.721630e+01 -1.256082e+01 1.703249e+01
vertex 1.689490e+01 -1.116824e+01 1.772165e+01
vertex 1.583512e+01 -1.288415e+01 1.764573e+01
endloop
endfacet
facet normal 0 0 0
outer loop
vertex 9.664655e+00 -1.060044e+01 2.024664e+01
vertex 9.267129e+00 -8.930525e+00 2.054493e+01
vertex 8.415207e+00 -1.022786e+01 2.048462e+01
endloop
endfacet
facet normal 0 0 0
outer loop
vertex 1.571671e+01 8.311943e+00 1.125464e+01
vertex 1.580806e+01 1.035156e+01 1.182003e+01
vertex 1.747197e+01 9.305968e+00 1.066707e+01
endloop
endfacet
facet normal 0 0 0
outer loop
vertex 5.426980e+00 -1.030173e+01 2.072889e+01
vertex 5.812498e+00 -1.190441e+01 2.050405e+01
vertex 6.985220e+00 -1.024643e+01 2.063078e+01
endloop
endfacet
facet normal 0 0 0
outer loop
vertex 2.836698e-01 -5.715882e+00 2.085078e+01
vertex 2.576113e+00 -2.692827e+00 2.085078e+01
vertex -6.475174e-02 -3.600676e+00 2.085078e+01
endloop
endfacet
facet normal 0 0 0
outer loop
vertex 7.279879e+00 -4.240109e+00 1.550459e+01
vertex 5.939552e+00 -2.809611e+00 1.627692e+01
vertex 7.513147e+00 -2.008572e+00 1.513481e+01
endloop
endfacet
facet normal 0 0 0
outer loop
vertex 5.860516e+00 -1.348159e+01 2.019013e+01
vertex 7.621534e+00 -1.320650e+01 2.002838e+01
vertex 7.277192e+00 -1.188359e+01 2.035773e+01
endloop
endfacet
facet normal 0 0 0
outer loop
vertex 5.345626e+00 8.290651e+00 2.082082e+01
vertex 1.268850e+00 9.215116e+00 2.084243e+01
vertex 2.652225e+00 5.916994e+00 2.085072e+01
endloop
endfacet
facet normal 0 0 0
outer loop
vertex 1.857167e+01 2.466960e+00 1.844680e+01
vertex 1.996025e+01 1.672432e+00 1.771367e+01
vertex 1.948479e+01 3.298359e+00 1.786233e+01
endloop
endfacet
facet normal 0 0 0
outer loop
vertex 1.268850e+00 9.215116e+00 2.084243e+01
vertex 6.316115e-01 7.150194e+00 2.085078e+01
vertex 2.652225e+00 5.916994e+00 2.085072e+01
endloop
endfacet
facet normal 0 0 0
outer loop
vertex 2.660908e+01 -8.208765e+00 9.238929e+00
vertex 2.701283e+01 -8.747542e+00 8.043751e+00
vertex 2.722127e+01 -7.431470e+00 8.424035e+00
endloop
endfacet
facet normal 0 0 0
outer loop
vertex 1.556238e+01 1.236549e+01 1.774515e+01
vertex 1.686412e+01 1.106756e+01 1.756564e+01
vertex 1.683997e+01 1.251459e+01 1.701420e+01
endloop
endfacet
facet normal 0 0 0
outer loop
vertex 1.556238e+01 1.236549e+01 1.774515e+01
vertex 1.544017e+01 1.101923e+01 1.827550e+01
vertex 1.686412e+01 1.106756e+01 1.756564e+01
endloop
endfacet
facet normal 0 0 0
outer loop
vertex 2.606597e+01 2.099286e+00 1.190346e+01
vertex 2.554499e+01 3.438199e+00 1.240719e+01
vertex 2.530180e+01 1.752721e+00 1.296588e+01
endloop
endfacet
facet normal 0 0 0
outer loop
vertex 2.465928e+01 3.897907e+00 1.342547e+01
vertex 2.530180e+01 1.752721e+00 1.296588e+01
vertex 2.554499e+01 3.438199e+00 1.240719e+01
endloop
endfacet
facet normal 0 0 0
outer loop
vertex 2.626942e+01 6.102490e-01 1.174231e+01
vertex 2.606597e+01 2.099286e+00 1.190346e+01
vertex 2.530180e+01 1.752721e+00 1.296588e+01
endloop
endfacet
facet normal 0 0 0
outer loop
vertex 2.164794e+01 1.385531e+01 1.239624e+01
vertex 2.194446e+01 1.242409e+01 1.303582e+01
vertex 2.262348e+01 1.264656e+01 1.210951e+01
endloop
endfacet
facet normal 0 0 0
outer loop
vertex 2.240147e+01 1.385725e+01 1.148206e+01
vertex 2.164794e+01 1.385531e+01 1.239624e+01
vertex 2.262348e+01 1.264656e+01 1.210951e+01
endloop
endfacet
facet normal 0 0 0
outer loop
vertex 2.714325e+01 -3.519089e+00 1.003900e+01
vertex 2.621680e+01 -3.991738e+00 1.146168e+01
vertex 2.662679e+01 -4.933496e+00 1.057841e+01
endloop
endfacet
facet normal 0 0 0
outer loop
vertex 2.242353e+01 -8.136198e+00 1.480509e+01
vertex 2.312566e+01 -6.890679e+00 1.450376e+01
vertex 2.237716e+01 -6.329384e+00 1.535006e+01
endloop
endfacet
facet normal 0 0 0
outer loop
vertex 2.242353e+01 -8.136198e+00 1.480509e+01
vertex 2.237716e+01 -6.329384e+00 1.535006e+01
vertex 2.177639e+01 -7.193653e+00 1.565816e+01
endloop
endfacet
facet normal 0 0 0
outer loop
vertex 5.005229e+00 -6.754889e+00 2.084841e+01
vertex 3.593390e+00 -4.848350e+00 2.085078e+01
vertex 2.280238e+00 -6.623729e+00 2.085075e+01
endloop
endfacet
facet normal 0 0 0
outer loop
vertex 4.624316e+00 -9.270409e+00 2.082424e+01
vertex 5.005229e+00 -6.754889e+00 2.084841e+01
vertex 2.280238e+00 -6.623729e+00 2.085075e+01
endloop
endfacet
facet normal 0 0 0
outer loop
vertex 1.581807e+01 -3.029356e+00 1.023671e+01
vertex 1.659483e+01 -1.010253e+00 9.705629e+00
vertex 1.764267e+01 -3.454787e+00 9.368060e+00
endloop
endfacet
facet normal 0 0 0
outer loop
vertex 1.506185e+01 -1.039773e+01 1.222107e+01
vertex 1.337951e+01 -9.870102e+00 1.295690e+01
vertex 1.413189e+01 -8.377389e+00 1.211284e+01
endloop
endfacet
facet normal 0 0 0
outer loop
vertex 1.952735e+01 5.950608e+00 1.743358e+01
vertex 1.917356e+01 4.959096e+00 1.782668e+01
vertex 2.036234e+01 4.559005e+00 1.713782e+01
endloop
endfacet
facet normal 0 0 0
outer loop
vertex 2.087423e+01 -1.123998e+01 1.500594e+01
vertex 2.102088e+01 -9.242525e+00 1.566247e+01
vertex 1.956929e+01 -1.103957e+01 1.611588e+01
endloop
endfacet
facet normal 0 0 0
outer loop
vertex 1.407072e+01 1.362733e+01 1.792025e+01
vertex 1.257614e+01 1.504537e+01 1.790675e+01
vertex 1.200049e+01 1.412955e+01 1.850082e+01
endloop
endfacet
facet normal 0 0 0
outer loop
vertex 1.581807e+01 -3.029356e+00 1.023671e+01
vertex 1.387877e+01 -2.336101e+00 1.122255e+01
vertex 1.659483e+01 -1.010253e+00 9.705629e+00
endloop
endfacet
facet normal 0 0 0
outer loop
vertex 2.375870e+01 -1.283468e+01 1.090650e+01
vertex 2.475895e+01 -1.158836e+01 1.029910e+01
vertex 2.433460e+01 -1.081409e+01 1.144476e+01
endloop
endfacet
facet normal 0 0 0
outer loop
vertex 2.483176e+01 -8.563560e+00 1.193708e+01
vertex 2.567888e+01 -6.783186e+00 1.145820e+01
vertex 2.510188e+01 -6.463099e+00 1.237348e+01
endloop
endfacet
facet normal 0 0 0
outer loop
vertex 2.339980e+01 -1.200860e+01 1.196701e+01
vertex 2.375870e+01 -1.283468e+01 1.090650e+01
vertex 2.433460e+01 -1.081409e+01 1.144476e+01
endloop
endfacet
facet normal 0 0 0
outer loop
vertex 2.385620e+01 -1.042241e+01 1.230067e+01
vertex 2.339980e+01 -1.200860e+01 1.196701e+01
vertex 2.433460e+01 -1.081409e+01 1.144476e+01
endloop
endfacet
facet normal 0 0 0
outer loop
vertex 1.259218e+01 1.215479e+01 1.900405e+01
vertex 1.284585e+01 1.017761e+01 1.946818e+01
vertex 1.397851e+01 1.060273e+01 1.898823e+01
endloop
endfacet
facet normal 0 0 0
outer loop
vertex 2.375870e+01 -1.283468e+01 1.090650e+01
vertex 2.286817e+01 -1.363366e+01 1.152379e+01
vertex 2.289867e+01 -1.470199e+01 1.062426e+01
endloop
endfacet
facet normal 0 0 0
outer loop
vertex 2.448071e+01 -4.274903e+00 6.714954e+00
vertex 2.295866e+01 -5.199971e+00 7.382827e+00
vertex 2.310567e+01 -3.610890e+00 7.090126e+00
endloop
endfacet
facet normal 0 0 0
outer loop
vertex 1.491357e+01 1.682809e+01 1.583782e+01
vertex 1.512568e+01 1.533191e+01 1.660226e+01
vertex 1.656290e+01 1.538721e+01 1.573345e+01
endloop
endfacet
facet normal 0 0 0
outer loop
vertex 5.426980e+00 -1.030173e+01 2.072889e+01
vertex 2.454809e+00 -1.173145e+01 2.071132e+01
vertex 3.140598e+00 -1.271389e+01 2.055553e+01
endloop
endfacet
facet normal 0 0 0
outer loop
vertex 7.539055e+00 -8.285511e+00 1.609535e+01
vertex 9.232291e+00 -7.136843e+00 1.471671e+01
vertex 8.974195e+00 -9.047882e+00 1.535216e+01
endloop
endfacet
facet normal 0 0 0
outer loop
vertex 2.230033e+01 -1.476185e+00 1.607941e+01
vertex 2.273735e+01 -3.063568e+00 1.558722e+01
vertex 2.294673e+01 -1.248665e+00 1.553319e+01
endloop
endfacet
facet normal 0 0 0
outer loop
vertex 2.764123e+01 -8.408462e+00 6.754380e+00
vertex 2.722127e+01 -7.431470e+00 8.424035e+00
vertex 2.701283e+01 -8.747542e+00 8.043751e+00
endloop
endfacet
facet normal 0 0 0
outer loop
vertex 8.116846e+00 -5.794782e+00 2.082836e+01
vertex 1.004380e+01 -4.941530e+00 2.075117e+01
vertex 9.578832e+00 -3.119970e+00 2.082013e+01
endloop
endfacet
endsolid __tracked_surface.stl
